Jump_8_5_0.png,0
Jump_8_5_1.png,0
Jump_8_5_2.png,0
Jump_8_5_3.png,0
Jump_8_5_4.png,0
Jump_8_5_5.png,0
Jump_8_5_6.png,0
Jump_8_5_7.png,0
Jump_8_5_8.png,0
Jump_8_5_9.png,0
Jump_8_5_10.png,0
Jump_8_5_11.png,0
Jump_8_5_12.png,0
Jump_8_5_13.png,0
Jump_8_5_14.png,0
Jump_8_5_15.png,0
Jump_8_5_16.png,0
Jump_8_5_17.png,0
Jump_8_5_18.png,0
Jump_8_2_0.png,0
Jump_8_2_1.png,0
Jump_8_2_2.png,0
Jump_8_2_3.png,0
Jump_8_2_4.png,0
Jump_8_2_5.png,0
Jump_8_2_6.png,0
Jump_8_2_7.png,0
Jump_8_2_8.png,0
Jump_8_2_9.png,0
Jump_8_2_10.png,0
Jump_8_2_11.png,0
Jump_8_2_12.png,0
Jump_8_2_13.png,0
Jump_8_2_14.png,0
Jump_8_2_15.png,0
Jump_8_2_16.png,0
Jump_8_14_0.png,0
Jump_8_14_1.png,0
Jump_8_14_2.png,0
Jump_8_14_3.png,0
Jump_8_14_4.png,0
Jump_8_14_5.png,0
Jump_8_14_6.png,0
Jump_8_14_7.png,0
Jump_8_14_8.png,0
Jump_8_14_9.png,0
Jump_8_14_10.png,0
Jump_8_14_11.png,0
Jump_8_14_12.png,0
Jump_8_14_13.png,0
Jump_8_14_14.png,0
Jump_8_14_15.png,0
Jump_8_6_0.png,0
Jump_8_6_1.png,0
Jump_8_6_2.png,0
Jump_8_6_3.png,0
Jump_8_6_4.png,0
Jump_8_6_5.png,0
Jump_8_6_6.png,0
Jump_8_6_7.png,0
Jump_8_6_8.png,0
Jump_8_6_9.png,0
Jump_8_6_10.png,0
Jump_8_6_11.png,0
Jump_8_6_12.png,0
Jump_8_6_13.png,0
Jump_8_6_14.png,0
Jump_8_21_0.png,0
Jump_8_21_1.png,0
Jump_8_21_2.png,0
Jump_8_21_3.png,0
Jump_8_21_4.png,0
Jump_8_21_5.png,0
Jump_8_21_6.png,0
Jump_8_21_7.png,0
Jump_8_21_8.png,0
Jump_8_21_9.png,0
Jump_8_21_10.png,0
Jump_8_21_11.png,0
Jump_8_21_12.png,0
Jump_8_21_13.png,0
Jump_8_21_14.png,0
Jump_8_21_15.png,0
Jump_8_21_16.png,0
Jump_8_21_17.png,0
Jump_8_21_18.png,0
Jump_8_21_19.png,0
Jump_8_21_20.png,0
Jump_8_21_21.png,0
Jump_8_21_22.png,0
Jump_8_1_0.png,0
Jump_8_1_1.png,0
Jump_8_1_2.png,0
Jump_8_1_3.png,0
Jump_8_1_4.png,0
Jump_8_1_5.png,0
Jump_8_1_6.png,0
Jump_8_1_7.png,0
Jump_8_1_8.png,0
Jump_8_1_9.png,0
Jump_8_1_10.png,0
Jump_8_1_11.png,0
Jump_8_1_12.png,0
Jump_8_1_13.png,0
Jump_8_1_14.png,0
Jump_8_1_15.png,0
Jump_8_9_0.png,0
Jump_8_9_1.png,0
Jump_8_9_2.png,0
Jump_8_9_3.png,0
Jump_8_9_4.png,0
Jump_8_9_5.png,0
Jump_8_9_6.png,0
Jump_8_9_7.png,0
Jump_8_9_8.png,0
Jump_8_9_9.png,0
Jump_8_9_10.png,0
Jump_8_9_11.png,0
Jump_8_9_12.png,0
Jump_8_9_13.png,0
Jump_8_9_14.png,0
Jump_8_9_15.png,0
Jump_8_9_16.png,0
Jump_8_9_17.png,0
Jump_8_9_18.png,0
Jump_8_9_19.png,0
Jump_8_9_20.png,0
Jump_8_9_21.png,0
Jump_8_9_22.png,0
Jump_8_9_23.png,0
Jump_8_9_24.png,0
Jump_8_9_25.png,0
Jump_8_10_0.png,0
Jump_8_10_1.png,0
Jump_8_10_2.png,0
Jump_8_10_3.png,0
Jump_8_10_4.png,0
Jump_8_10_5.png,0
Jump_8_10_6.png,0
Jump_8_10_7.png,0
Jump_8_10_8.png,0
Jump_8_10_9.png,0
Jump_8_10_10.png,0
Jump_8_10_11.png,0
Jump_8_10_12.png,0
Jump_8_10_13.png,0
Jump_8_10_14.png,0
Jump_8_10_15.png,0
Jump_8_10_16.png,0
Jump_8_10_17.png,0
Jump_8_10_18.png,0
Jump_8_10_19.png,0
Jump_8_15_0.png,0
Jump_8_15_1.png,0
Jump_8_15_2.png,0
Jump_8_15_3.png,0
Jump_8_15_4.png,0
Jump_8_15_5.png,0
Jump_8_15_6.png,0
Jump_8_15_7.png,0
Jump_8_15_8.png,0
Jump_8_15_9.png,0
Jump_8_15_10.png,0
Jump_8_15_11.png,0
Jump_8_15_12.png,0
Jump_8_15_13.png,0
Jump_8_15_14.png,0
Jump_8_15_15.png,0
Jump_8_15_16.png,0
Jump_8_15_17.png,0
Jump_8_15_18.png,0
Jump_8_15_19.png,0
Jump_8_15_20.png,0
Jump_8_15_21.png,0
Jump_8_15_22.png,0
Jump_8_15_23.png,0
Jump_8_15_24.png,0
Jump_8_15_25.png,0
Jump_8_20_0.png,0
Jump_8_20_1.png,0
Jump_8_20_2.png,0
Jump_8_20_3.png,0
Jump_8_20_4.png,0
Jump_8_20_5.png,0
Jump_8_20_6.png,0
Jump_8_20_7.png,0
Jump_8_20_8.png,0
Jump_8_20_9.png,0
Jump_8_20_10.png,0
Jump_8_20_11.png,0
Jump_8_20_12.png,0
Jump_8_20_13.png,0
Jump_8_20_14.png,0
Jump_8_20_15.png,0
Jump_8_20_16.png,0
Jump_8_20_17.png,0
Jump_8_20_18.png,0
Jump_8_20_19.png,0
Jump_8_20_20.png,0
Jump_8_20_21.png,0
Jump_8_20_22.png,0
Jump_8_20_23.png,0
Jump_8_20_24.png,0
Jump_8_20_25.png,0
Jump_8_20_26.png,0
Jump_8_20_27.png,0
Jump_8_20_28.png,0
Jump_8_20_29.png,0
Jump_8_20_30.png,0
Jump_8_20_31.png,0
Jump_8_20_32.png,0
Jump_8_20_33.png,0
Jump_8_7_0.png,0
Jump_8_7_1.png,0
Jump_8_7_2.png,0
Jump_8_7_3.png,0
Jump_8_7_4.png,0
Jump_8_7_5.png,0
Jump_8_7_6.png,0
Jump_8_7_7.png,0
Jump_8_7_8.png,0
Jump_8_7_9.png,0
Jump_8_7_10.png,0
Jump_8_7_11.png,0
Jump_8_7_12.png,0
Jump_8_7_13.png,0
Jump_8_7_14.png,0
Jump_8_7_15.png,0
Jump_8_7_16.png,0
Jump_8_7_17.png,0
Jump_8_7_18.png,0
Jump_8_7_19.png,0
Jump_8_7_20.png,0
Jump_8_7_21.png,0
Jump_8_4_0.png,0
Jump_8_4_1.png,0
Jump_8_4_2.png,0
Jump_8_4_3.png,0
Jump_8_4_4.png,0
Jump_8_4_5.png,0
Jump_8_4_6.png,0
Jump_8_4_7.png,0
Jump_8_4_8.png,0
Jump_8_4_9.png,0
Jump_8_4_10.png,0
Jump_8_4_11.png,0
Jump_8_4_12.png,0
Jump_8_4_13.png,0
Jump_8_4_14.png,0
Jump_8_4_15.png,0
Jump_8_4_16.png,0
Jump_8_4_17.png,0
Jump_8_8_0.png,0
Jump_8_8_1.png,0
Jump_8_8_2.png,0
Jump_8_8_3.png,0
Jump_8_8_4.png,0
Jump_8_8_5.png,0
Jump_8_8_6.png,0
Jump_8_8_7.png,0
Jump_8_8_8.png,0
Jump_8_8_9.png,0
Jump_8_8_10.png,0
Jump_8_8_11.png,0
Jump_8_8_12.png,0
Jump_8_8_13.png,0
Jump_8_8_14.png,0
Jump_8_8_15.png,0
Jump_8_8_16.png,0
Jump_8_8_17.png,0
Jump_8_8_18.png,0
Jump_8_8_19.png,0
Jump_8_8_20.png,0
Jump_8_8_21.png,0
Jump_8_8_22.png,0
Jump_8_8_23.png,0
Jump_8_3_0.png,0
Jump_8_3_1.png,0
Jump_8_3_2.png,0
Jump_8_3_3.png,0
Jump_8_3_4.png,0
Jump_8_3_5.png,0
Jump_8_3_6.png,0
Jump_8_3_7.png,0
Jump_8_3_8.png,0
Jump_8_3_9.png,0
Jump_8_3_10.png,0
Jump_8_3_11.png,0
Jump_8_3_12.png,0
Jump_11_11_0.png,0
Jump_11_11_1.png,0
Jump_11_11_2.png,0
Jump_11_11_3.png,0
Jump_11_11_4.png,0
Jump_11_11_5.png,0
Jump_11_11_6.png,0
Jump_11_11_7.png,0
Jump_11_11_8.png,0
Jump_11_11_9.png,0
Jump_11_11_10.png,0
Jump_11_11_11.png,0
Jump_11_11_12.png,0
Jump_11_11_13.png,0
Jump_11_11_14.png,0
Jump_11_11_15.png,0
Jump_11_11_16.png,0
Jump_11_11_17.png,0
Jump_11_11_18.png,0
Jump_11_11_19.png,0
Jump_11_11_20.png,0
Jump_11_11_21.png,0
Jump_11_11_22.png,0
Jump_11_11_23.png,0
Jump_11_11_24.png,0
Jump_11_11_25.png,0
Jump_11_14_0.png,0
Jump_11_14_1.png,0
Jump_11_14_2.png,0
Jump_11_14_3.png,0
Jump_11_14_4.png,0
Jump_11_14_5.png,0
Jump_11_14_6.png,0
Jump_11_14_7.png,0
Jump_11_14_8.png,0
Jump_11_14_9.png,0
Jump_11_14_10.png,0
Jump_11_14_11.png,0
Jump_11_14_12.png,0
Jump_11_14_13.png,0
Jump_11_14_14.png,0
Jump_11_14_15.png,0
Jump_11_14_16.png,0
Jump_11_14_17.png,0
Jump_11_14_18.png,0
Jump_11_14_19.png,0
Jump_11_14_20.png,0
Jump_11_14_21.png,0
Jump_11_14_22.png,0
Jump_11_14_23.png,0
Jump_11_14_24.png,0
Jump_11_14_25.png,0
Jump_11_14_26.png,0
Jump_11_14_27.png,0
Jump_11_15_0.png,0
Jump_11_15_1.png,0
Jump_11_15_2.png,0
Jump_11_15_3.png,0
Jump_11_15_4.png,0
Jump_11_15_5.png,0
Jump_11_15_6.png,0
Jump_11_15_7.png,0
Jump_11_15_8.png,0
Jump_11_15_9.png,0
Jump_11_15_10.png,0
Jump_11_15_11.png,0
Jump_11_15_12.png,0
Jump_11_15_13.png,0
Jump_11_15_14.png,0
Jump_11_15_15.png,0
Jump_11_15_16.png,0
Jump_11_15_17.png,0
Jump_11_15_18.png,0
Jump_11_15_19.png,0
Jump_11_15_20.png,0
Jump_11_15_21.png,0
Jump_11_15_22.png,0
Jump_11_15_23.png,0
Jump_11_15_24.png,0
Jump_11_15_25.png,0
Jump_11_15_26.png,0
Jump_11_15_27.png,0
Jump_11_15_28.png,0
Jump_11_15_29.png,0
Jump_11_15_30.png,0
Jump_11_10_0.png,0
Jump_11_10_1.png,0
Jump_11_10_2.png,0
Jump_11_10_3.png,0
Jump_11_10_4.png,0
Jump_11_10_5.png,0
Jump_11_10_6.png,0
Jump_11_10_7.png,0
Jump_11_10_8.png,0
Jump_11_10_9.png,0
Jump_11_10_10.png,0
Jump_11_10_11.png,0
Jump_11_10_12.png,0
Jump_11_10_13.png,0
Jump_11_10_14.png,0
Jump_11_10_15.png,0
Jump_11_10_16.png,0
Jump_11_10_17.png,0
Jump_11_10_18.png,0
Jump_11_10_19.png,0
Jump_11_10_20.png,0
Jump_11_10_21.png,0
Jump_11_12_0.png,0
Jump_11_12_1.png,0
Jump_11_12_2.png,0
Jump_11_12_3.png,0
Jump_11_12_4.png,0
Jump_11_12_5.png,0
Jump_11_12_6.png,0
Jump_11_12_7.png,0
Jump_11_12_8.png,0
Jump_11_12_9.png,0
Jump_11_12_10.png,0
Jump_11_12_11.png,0
Jump_11_12_12.png,0
Jump_11_12_13.png,0
Jump_11_12_14.png,0
Jump_11_12_15.png,0
Jump_11_12_16.png,0
Jump_11_12_17.png,0
Jump_11_12_18.png,0
Jump_11_12_19.png,0
Jump_11_12_20.png,0
Jump_11_12_21.png,0
Jump_11_12_22.png,0
Jump_11_12_23.png,0
Jump_11_12_24.png,0
Jump_11_12_25.png,0
Jump_11_12_26.png,0
Jump_11_12_27.png,0
Jump_11_12_28.png,0
Jump_11_12_29.png,0
Jump_11_13_0.png,0
Jump_11_13_1.png,0
Jump_11_13_2.png,0
Jump_11_13_3.png,0
Jump_11_13_4.png,0
Jump_11_13_5.png,0
Jump_11_13_6.png,0
Jump_11_13_7.png,0
Jump_11_13_8.png,0
Jump_11_13_9.png,0
Jump_11_13_10.png,0
Jump_11_13_11.png,0
Jump_11_13_12.png,0
Jump_11_13_13.png,0
Jump_11_13_14.png,0
Jump_11_13_15.png,0
Jump_11_13_16.png,0
Jump_11_13_17.png,0
Jump_11_13_18.png,0
Jump_11_13_19.png,0
Jump_11_13_20.png,0
Jump_11_9_0.png,0
Jump_11_9_1.png,0
Jump_11_9_2.png,0
Jump_11_9_3.png,0
Jump_11_9_4.png,0
Jump_11_9_5.png,0
Jump_11_9_6.png,0
Jump_11_9_7.png,0
Jump_11_9_8.png,0
Jump_11_9_9.png,0
Jump_11_9_10.png,0
Jump_11_9_11.png,0
Jump_11_9_12.png,0
Jump_11_9_13.png,0
Jump_11_9_14.png,0
Jump_11_9_15.png,0
Jump_11_9_16.png,0
Jump_11_9_17.png,0
Jump_11_9_18.png,0
Jump_11_9_19.png,0
Jump_11_9_20.png,0
Jump_11_3_0.png,0
Jump_11_3_1.png,0
Jump_11_3_2.png,0
Jump_11_3_3.png,0
Jump_11_3_4.png,0
Jump_11_3_5.png,0
Jump_11_3_6.png,0
Jump_11_3_7.png,0
Jump_11_3_8.png,0
Jump_11_3_9.png,0
Jump_11_3_10.png,0
Jump_11_3_11.png,0
Jump_11_3_12.png,0
Jump_11_3_13.png,0
Jump_11_3_14.png,0
Jump_11_3_15.png,0
Jump_11_3_16.png,0
Jump_11_3_17.png,0
Jump_11_3_18.png,0
Jump_11_3_19.png,0
Jump_11_3_20.png,0
Jump_11_3_21.png,0
Jump_11_3_22.png,0
Jump_11_1_0.png,0
Jump_11_1_1.png,0
Jump_11_1_2.png,0
Jump_11_1_3.png,0
Jump_11_1_4.png,0
Jump_11_1_5.png,0
Jump_11_1_6.png,0
Jump_11_1_7.png,0
Jump_11_1_8.png,0
Jump_11_1_9.png,0
Jump_11_1_10.png,0
Jump_11_1_11.png,0
Jump_11_1_12.png,0
Jump_11_1_13.png,0
Jump_11_1_14.png,0
Jump_11_1_15.png,0
Jump_11_1_16.png,0
Jump_11_1_17.png,0
Jump_11_1_18.png,0
Jump_11_2_0.png,0
Jump_11_2_1.png,0
Jump_11_2_2.png,0
Jump_11_2_3.png,0
Jump_11_2_4.png,0
Jump_11_2_5.png,0
Jump_11_2_6.png,0
Jump_11_2_7.png,0
Jump_11_2_8.png,0
Jump_11_2_9.png,0
Jump_11_2_10.png,0
Jump_11_2_11.png,0
Jump_11_2_12.png,0
Jump_11_2_13.png,0
Jump_11_2_14.png,0
Jump_11_2_15.png,0
Jump_11_2_16.png,0
Jump_11_2_17.png,0
Jump_11_2_18.png,0
Jump_11_4_0.png,0
Jump_11_4_1.png,0
Jump_11_4_2.png,0
Jump_11_4_3.png,0
Jump_11_4_4.png,0
Jump_11_4_5.png,0
Jump_11_4_6.png,0
Jump_11_4_7.png,0
Jump_11_4_8.png,0
Jump_11_4_9.png,0
Jump_11_4_10.png,0
Jump_11_4_11.png,0
Jump_11_4_12.png,0
Jump_11_4_13.png,0
Jump_11_4_14.png,0
Jump_11_4_15.png,0
Jump_11_4_16.png,0
Jump_11_4_17.png,0
Jump_11_4_18.png,0
Jump_11_4_19.png,0
Run_1_1_0.png,1
Run_1_1_1.png,1
Run_1_1_2.png,1
Run_1_1_3.png,1
Run_1_1_4.png,1
Run_1_1_5.png,1
Run_1_1_6.png,1
Run_1_1_7.png,1
Run_1_1_8.png,1
Run_1_1_9.png,1
Run_1_1_10.png,1
Run_1_1_11.png,1
Run_1_1_12.png,1
Run_1_1_13.png,1
Run_1_1_14.png,1
Run_1_1_15.png,1
Run_1_1_16.png,1
Run_1_1_17.png,1
Run_1_1_18.png,1
Run_1_1_19.png,1
Run_1_1_20.png,1
Run_1_1_21.png,1
Run_1_1_22.png,1
Run_1_1_23.png,1
Run_1_1_24.png,1
Run_1_1_25.png,1
Run_1_1_26.png,1
Run_1_11_0.png,1
Run_1_11_1.png,1
Run_1_11_2.png,1
Run_1_11_3.png,1
Run_1_11_4.png,1
Run_1_11_5.png,1
Run_1_11_6.png,1
Run_1_11_7.png,1
Run_1_11_8.png,1
Run_1_11_9.png,1
Run_1_11_10.png,1
Run_1_11_11.png,1
Run_1_11_12.png,1
Run_1_11_13.png,1
Run_1_11_14.png,1
Run_1_11_15.png,1
Run_1_11_16.png,1
Run_1_11_17.png,1
Run_1_11_18.png,1
Run_1_11_19.png,1
Run_1_11_20.png,1
Run_1_11_21.png,1
Run_1_11_22.png,1
Run_1_11_23.png,1
Run_1_11_24.png,1
Run_1_11_25.png,1
Run_1_12_0.png,1
Run_1_12_1.png,1
Run_1_12_2.png,1
Run_1_12_3.png,1
Run_1_12_4.png,1
Run_1_12_5.png,1
Run_1_12_6.png,1
Run_1_12_7.png,1
Run_1_12_8.png,1
Run_1_12_9.png,1
Run_1_12_10.png,1
Run_1_12_11.png,1
Run_1_12_12.png,1
Run_1_12_13.png,1
Run_1_12_14.png,1
Run_1_12_15.png,1
Run_1_12_16.png,1
Run_1_12_17.png,1
Run_1_12_18.png,1
Run_1_13_0.png,1
Run_1_13_1.png,1
Run_1_13_2.png,1
Run_1_13_3.png,1
Run_1_13_4.png,1
Run_1_13_5.png,1
Run_1_13_6.png,1
Run_1_13_7.png,1
Run_1_13_8.png,1
Run_1_13_9.png,1
Run_1_13_10.png,1
Run_1_13_11.png,1
Run_1_13_12.png,1
Run_1_13_13.png,1
Run_1_13_14.png,1
Run_1_13_15.png,1
Run_1_13_16.png,1
Run_1_13_17.png,1
Run_1_13_18.png,1
Run_1_5_0.png,1
Run_1_5_1.png,1
Run_1_5_2.png,1
Run_1_5_3.png,1
Run_1_5_4.png,1
Run_1_5_5.png,1
Run_1_5_6.png,1
Run_1_5_7.png,1
Run_1_5_8.png,1
Run_1_5_9.png,1
Run_1_5_10.png,1
Run_1_5_11.png,1
Run_1_5_12.png,1
Run_1_5_13.png,1
Run_1_5_14.png,1
Run_1_5_15.png,1
Run_1_5_16.png,1
Run_1_5_17.png,1
Run_1_5_18.png,1
Run_1_5_19.png,1
Run_1_10_0.png,1
Run_1_10_1.png,1
Run_1_10_2.png,1
Run_1_10_3.png,1
Run_1_10_4.png,1
Run_1_10_5.png,1
Run_1_10_6.png,1
Run_1_10_7.png,1
Run_1_10_8.png,1
Run_1_10_9.png,1
Run_1_10_10.png,1
Run_1_10_11.png,1
Run_1_10_12.png,1
Run_1_10_13.png,1
Run_1_10_14.png,1
Run_1_10_15.png,1
Run_1_10_16.png,1
Run_1_10_17.png,1
Run_1_10_18.png,1
Run_1_10_19.png,1
Run_1_10_20.png,1
Run_1_10_21.png,1
Run_1_10_22.png,1
Run_1_10_23.png,1
Run_1_10_24.png,1
Run_1_10_25.png,1
Run_11_31_0.png,1
Run_11_31_1.png,1
Run_11_31_2.png,1
Run_11_31_3.png,1
Run_11_31_4.png,1
Run_11_31_5.png,1
Run_11_31_6.png,1
Run_11_31_7.png,1
Run_11_31_8.png,1
Run_11_31_9.png,1
Run_11_31_10.png,1
Run_11_31_11.png,1
Run_11_31_12.png,1
Run_11_31_13.png,1
Run_11_31_14.png,1
Run_11_31_15.png,1
Run_11_31_16.png,1
Run_11_31_17.png,1
Run_11_31_18.png,1
Run_11_31_19.png,1
Run_11_31_20.png,1
Run_11_31_21.png,1
Run_11_31_22.png,1
Run_11_31_23.png,1
Run_11_31_24.png,1
Run_11_31_25.png,1
Run_11_31_26.png,1
Run_11_31_27.png,1
Run_11_29_0.png,1
Run_11_29_1.png,1
Run_11_29_2.png,1
Run_11_29_3.png,1
Run_11_29_4.png,1
Run_11_29_5.png,1
Run_11_29_6.png,1
Run_11_29_7.png,1
Run_11_29_8.png,1
Run_11_29_9.png,1
Run_11_29_10.png,1
Run_11_29_11.png,1
Run_11_29_12.png,1
Run_11_29_13.png,1
Run_11_29_14.png,1
Run_11_29_15.png,1
Run_11_29_16.png,1
Run_11_29_17.png,1
Run_11_29_18.png,1
Run_11_29_19.png,1
Run_11_29_20.png,1
Run_11_29_21.png,1
Run_11_29_22.png,1
Run_11_29_23.png,1
Run_11_29_24.png,1
Run_11_29_25.png,1
Run_11_29_26.png,1
Run_11_30_0.png,1
Run_11_30_1.png,1
Run_11_30_2.png,1
Run_11_30_3.png,1
Run_11_30_4.png,1
Run_11_30_5.png,1
Run_11_30_6.png,1
Run_11_30_7.png,1
Run_11_30_8.png,1
Run_11_30_9.png,1
Run_11_30_10.png,1
Run_11_30_11.png,1
Run_11_30_12.png,1
Run_11_30_13.png,1
Run_11_30_14.png,1
Run_11_30_15.png,1
Run_11_30_16.png,1
Run_11_30_17.png,1
Run_11_27_0.png,1
Run_11_27_1.png,1
Run_11_27_2.png,1
Run_11_27_3.png,1
Run_11_27_4.png,1
Run_11_27_5.png,1
Run_11_27_6.png,1
Run_11_27_7.png,1
Run_11_27_8.png,1
Run_11_27_9.png,1
Run_11_27_10.png,1
Run_11_27_11.png,1
Run_11_27_12.png,1
Run_11_27_13.png,1
Run_11_27_14.png,1
Run_11_27_15.png,1
Run_11_27_16.png,1
Run_11_27_17.png,1
Run_11_27_18.png,1
Run_11_27_19.png,1
Run_11_27_20.png,1
Run_11_27_21.png,1
Run_11_27_22.png,1
Run_11_27_23.png,1
Run_11_27_24.png,1
Run_11_27_25.png,1
Run_11_28_0.png,1
Run_11_28_1.png,1
Run_11_28_2.png,1
Run_11_28_3.png,1
Run_11_28_4.png,1
Run_11_28_5.png,1
Run_11_28_6.png,1
Run_11_28_7.png,1
Run_11_28_8.png,1
Run_11_28_9.png,1
Run_11_28_10.png,1
Run_11_28_11.png,1
Run_11_28_12.png,1
Run_11_28_13.png,1
Run_11_28_14.png,1
Run_11_28_15.png,1
Run_11_28_16.png,1
Run_11_28_17.png,1
Run_11_28_18.png,1
Run_11_28_19.png,1
Run_11_28_20.png,1
Run_11_28_21.png,1
Run_11_28_22.png,1
Run_11_28_23.png,1
Run_11_28_24.png,1
Run_11_28_25.png,1
Run_11_28_26.png,1
Run_11_28_27.png,1
Run_11_25_0.png,1
Run_11_25_1.png,1
Run_11_25_2.png,1
Run_11_25_3.png,1
Run_11_25_4.png,1
Run_11_25_5.png,1
Run_11_25_6.png,1
Run_11_25_7.png,1
Run_11_25_8.png,1
Run_11_25_9.png,1
Run_11_25_10.png,1
Run_11_25_11.png,1
Run_11_25_12.png,1
Run_11_25_13.png,1
Run_11_25_14.png,1
Run_11_25_15.png,1
Run_11_25_16.png,1
Run_11_25_17.png,1
Run_11_25_18.png,1
Run_11_22_0.png,1
Run_11_22_1.png,1
Run_11_22_2.png,1
Run_11_22_3.png,1
Run_11_22_4.png,1
Run_11_22_5.png,1
Run_11_22_6.png,1
Run_11_22_7.png,1
Run_11_22_8.png,1
Run_11_22_9.png,1
Run_11_22_10.png,1
Run_11_22_11.png,1
Run_11_22_12.png,1
Run_11_22_13.png,1
Run_11_22_14.png,1
Run_11_22_15.png,1
Run_11_22_16.png,1
Run_11_22_17.png,1
Run_11_22_18.png,1
Run_11_22_19.png,1
Run_11_22_20.png,1
Run_11_22_21.png,1
Run_11_22_22.png,1
Run_11_22_23.png,1
Run_11_22_24.png,1
Run_11_22_25.png,1
Run_11_22_26.png,1
Run_11_22_27.png,1
Run_11_21_0.png,1
Run_11_21_1.png,1
Run_11_21_2.png,1
Run_11_21_3.png,1
Run_11_21_4.png,1
Run_11_21_5.png,1
Run_11_21_6.png,1
Run_11_21_7.png,1
Run_11_21_8.png,1
Run_11_21_9.png,1
Run_11_21_10.png,1
Run_11_21_11.png,1
Run_11_21_12.png,1
Run_11_21_13.png,1
Run_11_21_14.png,1
Run_11_21_15.png,1
Run_11_21_16.png,1
Run_11_21_17.png,1
Run_11_21_18.png,1
Run_11_21_19.png,1
Run_11_21_20.png,1
Run_11_21_21.png,1
Run_11_21_22.png,1
Run_11_21_23.png,1
Run_11_21_24.png,1
Run_11_21_25.png,1
Run_11_21_26.png,1
Run_11_20_0.png,1
Run_11_20_1.png,1
Run_11_20_2.png,1
Run_11_20_3.png,1
Run_11_20_4.png,1
Run_11_20_5.png,1
Run_11_20_6.png,1
Run_11_20_7.png,1
Run_11_20_8.png,1
Run_11_20_9.png,1
Run_11_20_10.png,1
Run_11_20_11.png,1
Run_11_20_12.png,1
Run_11_20_13.png,1
Run_11_20_14.png,1
Run_11_20_15.png,1
Run_11_20_16.png,1
Run_11_20_17.png,1
Run_11_20_18.png,1
Run_11_20_19.png,1
Run_11_20_20.png,1
Run_11_20_21.png,1
Run_11_20_22.png,1
Run_11_20_23.png,1
Run_11_20_24.png,1
Run_11_20_25.png,1
Run_11_15_0.png,1
Run_11_15_1.png,1
Run_11_15_2.png,1
Run_11_15_3.png,1
Run_11_15_4.png,1
Run_11_15_5.png,1
Run_11_15_6.png,1
Run_11_15_7.png,1
Run_11_15_8.png,1
Run_11_15_9.png,1
Run_11_15_10.png,1
Run_11_15_11.png,1
Run_11_15_12.png,1
Run_11_15_13.png,1
Run_11_15_14.png,1
Run_11_15_15.png,1
Run_11_15_16.png,1
Run_11_15_17.png,1
Run_11_15_18.png,1
Run_11_15_19.png,1
Run_11_15_20.png,1
Run_11_15_21.png,1
Run_11_15_22.png,1
Run_11_16_0.png,1
Run_11_16_1.png,1
Run_11_16_2.png,1
Run_11_16_3.png,1
Run_11_16_4.png,1
Run_11_16_5.png,1
Run_11_16_6.png,1
Run_11_16_7.png,1
Run_11_16_8.png,1
Run_11_16_9.png,1
Run_11_16_10.png,1
Run_11_16_11.png,1
Run_11_16_12.png,1
Run_11_16_13.png,1
Run_11_16_14.png,1
Run_11_16_15.png,1
Run_11_16_16.png,1
Run_11_16_17.png,1
Run_11_16_18.png,1
Run_11_16_19.png,1
Run_11_16_20.png,1
Run_11_8_0.png,1
Run_11_8_1.png,1
Run_11_8_2.png,1
Run_11_8_3.png,1
Run_11_8_4.png,1
Run_11_8_5.png,1
Run_11_8_6.png,1
Run_11_8_7.png,1
Run_11_8_8.png,1
Run_11_8_9.png,1
Run_11_8_10.png,1
Run_11_8_11.png,1
Run_11_8_12.png,1
Run_11_8_13.png,1
Run_11_8_14.png,1
Run_11_8_15.png,1
Run_11_8_16.png,1
Run_11_8_17.png,1
Run_11_8_18.png,1
Run_11_8_19.png,1
Run_11_8_20.png,1
Run_11_8_21.png,1
Run_11_8_22.png,1
Run_11_14_0.png,1
Run_11_14_1.png,1
Run_11_14_2.png,1
Run_11_14_3.png,1
Run_11_14_4.png,1
Run_11_14_5.png,1
Run_11_14_6.png,1
Run_11_14_7.png,1
Run_11_14_8.png,1
Run_11_14_9.png,1
Run_11_14_10.png,1
Run_11_14_11.png,1
Run_11_14_12.png,1
Run_11_14_13.png,1
Run_11_14_14.png,1
Run_11_14_15.png,1
Run_11_14_16.png,1
Run_11_14_17.png,1
Run_11_14_18.png,1
Run_11_14_19.png,1
Run_11_14_20.png,1
Run_11_14_21.png,1
Run_11_11_0.png,1
Run_11_11_1.png,1
Run_11_11_2.png,1
Run_11_11_3.png,1
Run_11_11_4.png,1
Run_11_11_5.png,1
Run_11_11_6.png,1
Run_11_11_7.png,1
Run_11_11_8.png,1
Run_11_11_9.png,1
Run_11_11_10.png,1
Run_11_11_11.png,1
Run_11_11_12.png,1
Run_11_11_13.png,1
Run_11_11_14.png,1
Run_11_11_15.png,1
Run_11_11_16.png,1
Run_11_11_17.png,1
Run_11_11_18.png,1
Run_11_11_19.png,1
Run_11_11_20.png,1
Run_11_11_21.png,1
Run_11_7_0.png,1
Run_11_7_1.png,1
Run_11_7_2.png,1
Run_11_7_3.png,1
Run_11_7_4.png,1
Run_11_7_5.png,1
Run_11_7_6.png,1
Run_11_7_7.png,1
Run_11_7_8.png,1
Run_11_7_9.png,1
Run_11_7_10.png,1
Run_11_7_11.png,1
Run_11_7_12.png,1
Run_11_7_13.png,1
Run_11_7_14.png,1
Run_11_7_15.png,1
Run_11_7_16.png,1
Run_11_7_17.png,1
Run_11_7_18.png,1
Run_11_7_19.png,1
Run_11_7_20.png,1
Run_11_7_21.png,1
Run_11_7_22.png,1
Run_11_7_23.png,1
Run_11_7_24.png,1
Run_11_7_25.png,1
Run_11_7_26.png,1
Run_11_7_27.png,1
Run_11_2_0.png,1
Run_11_2_1.png,1
Run_11_2_2.png,1
Run_11_2_3.png,1
Run_11_2_4.png,1
Run_11_2_5.png,1
Run_11_2_6.png,1
Run_11_2_7.png,1
Run_11_2_8.png,1
Run_11_2_9.png,1
Run_11_2_10.png,1
Run_11_2_11.png,1
Run_11_2_12.png,1
Run_11_2_13.png,1
Run_11_2_14.png,1
Run_11_2_15.png,1
Run_11_2_16.png,1
Run_11_2_17.png,1
Run_11_2_18.png,1
Run_11_2_19.png,1
Run_11_2_20.png,1
Run_11_2_21.png,1
Run_11_2_22.png,1
Run_11_2_23.png,1
Run_11_2_24.png,1
Run_11_4_0.png,1
Run_11_4_1.png,1
Run_11_4_2.png,1
Run_11_4_3.png,1
Run_11_4_4.png,1
Run_11_4_5.png,1
Run_11_4_6.png,1
Run_11_4_7.png,1
Run_11_4_8.png,1
Run_11_4_9.png,1
Run_11_4_10.png,1
Run_11_4_11.png,1
Run_11_4_12.png,1
Run_11_4_13.png,1
Run_11_4_14.png,1
Run_11_4_15.png,1
Run_11_4_16.png,1
Run_11_4_17.png,1
Run_11_4_18.png,1
Run_11_4_19.png,1
Run_11_4_20.png,1
Run_11_4_21.png,1
Run_11_4_22.png,1
Run_11_4_23.png,1
Run_11_4_24.png,1
Run_11_4_25.png,1
Run_11_4_26.png,1
Run_11_4_27.png,1
Run_11_4_28.png,1
Run_11_3_0.png,1
Run_11_3_1.png,1
Run_11_3_2.png,1
Run_11_3_3.png,1
Run_11_3_4.png,1
Run_11_3_5.png,1
Run_11_3_6.png,1
Run_11_3_7.png,1
Run_11_3_8.png,1
Run_11_3_9.png,1
Run_11_3_10.png,1
Run_11_3_11.png,1
Run_11_3_12.png,1
Run_11_3_13.png,1
Run_11_3_14.png,1
Run_11_3_15.png,1
Run_11_3_16.png,1
Run_11_3_17.png,1
Run_11_3_18.png,1
Run_11_3_19.png,1
Run_11_3_20.png,1
Run_11_3_21.png,1
Run_11_3_22.png,1
Run_11_3_23.png,1
Run_11_1_0.png,1
Run_11_1_1.png,1
Run_11_1_2.png,1
Run_11_1_3.png,1
Run_11_1_4.png,1
Run_11_1_5.png,1
Run_11_1_6.png,1
Run_11_1_7.png,1
Run_11_1_8.png,1
Run_11_1_9.png,1
Run_11_1_10.png,1
Run_11_1_11.png,1
Run_11_1_12.png,1
Run_11_1_13.png,1
Run_11_1_14.png,1
Run_11_1_15.png,1
Run_11_1_16.png,1
Run_11_1_17.png,1
Run_11_1_18.png,1
Run_11_1_19.png,1
Run_11_1_20.png,1
Run_11_1_21.png,1
Sit_10_6_0.png,2
Sit_10_6_1.png,2
Sit_10_6_2.png,2
Sit_10_6_3.png,2
Sit_10_6_4.png,2
Sit_10_6_5.png,2
Sit_10_6_6.png,2
Sit_10_6_7.png,2
Sit_10_6_8.png,2
Sit_10_6_9.png,2
Sit_10_6_10.png,2
Sit_10_6_11.png,2
Sit_10_6_12.png,2
Sit_10_6_13.png,2
Sit_10_6_14.png,2
Sit_10_6_15.png,2
Sit_10_6_16.png,2
Sit_10_6_17.png,2
Sit_10_6_18.png,2
Sit_10_6_19.png,2
Sit_10_6_20.png,2
Sit_10_6_21.png,2
Sit_10_6_22.png,2
Sit_10_6_23.png,2
Sit_10_6_24.png,2
Sit_10_6_25.png,2
Sit_10_7_0.png,2
Sit_10_7_1.png,2
Sit_10_7_2.png,2
Sit_10_7_3.png,2
Sit_10_7_4.png,2
Sit_10_7_5.png,2
Sit_10_7_6.png,2
Sit_10_7_7.png,2
Sit_10_7_8.png,2
Sit_10_7_9.png,2
Sit_10_7_10.png,2
Sit_10_7_11.png,2
Sit_10_7_12.png,2
Sit_10_7_13.png,2
Sit_10_7_14.png,2
Sit_10_7_15.png,2
Sit_10_7_16.png,2
Sit_10_7_17.png,2
Sit_10_7_18.png,2
Sit_10_7_19.png,2
Sit_10_7_20.png,2
Sit_10_7_21.png,2
Sit_10_7_22.png,2
Sit_10_7_23.png,2
Sit_10_7_24.png,2
Sit_10_7_25.png,2
Sit_10_7_26.png,2
Sit_10_7_27.png,2
Sit_10_7_28.png,2
Sit_10_7_29.png,2
Sit_10_5_0.png,2
Sit_10_5_1.png,2
Sit_10_5_2.png,2
Sit_10_5_3.png,2
Sit_10_5_4.png,2
Sit_10_5_5.png,2
Sit_10_5_6.png,2
Sit_10_5_7.png,2
Sit_10_5_8.png,2
Sit_10_5_9.png,2
Sit_10_5_10.png,2
Sit_10_5_11.png,2
Sit_10_5_12.png,2
Sit_10_5_13.png,2
Sit_10_5_14.png,2
Sit_10_5_15.png,2
Sit_10_5_16.png,2
Sit_10_5_17.png,2
Sit_10_5_18.png,2
Sit_10_5_19.png,2
Sit_10_5_20.png,2
Sit_10_5_21.png,2
Sit_10_5_22.png,2
Sit_10_5_23.png,2
Sit_10_5_24.png,2
Sit_10_5_25.png,2
Sit_10_5_26.png,2
Sit_10_5_27.png,2
Sit_10_5_28.png,2
Sit_10_5_29.png,2
Sit_10_5_30.png,2
Sit_10_5_31.png,2
Sit_10_10_0.png,2
Sit_10_10_1.png,2
Sit_10_10_2.png,2
Sit_10_10_3.png,2
Sit_10_10_4.png,2
Sit_10_10_5.png,2
Sit_10_10_6.png,2
Sit_10_10_7.png,2
Sit_10_10_8.png,2
Sit_10_10_9.png,2
Sit_10_10_10.png,2
Sit_10_10_11.png,2
Sit_10_10_12.png,2
Sit_10_10_13.png,2
Sit_10_10_14.png,2
Sit_10_10_15.png,2
Sit_10_10_16.png,2
Sit_10_10_17.png,2
Sit_10_10_18.png,2
Sit_10_10_19.png,2
Sit_10_10_20.png,2
Sit_10_10_21.png,2
Sit_10_10_22.png,2
Sit_10_10_23.png,2
Sit_10_10_24.png,2
Sit_10_10_25.png,2
Sit_10_8_0.png,2
Sit_10_8_1.png,2
Sit_10_8_2.png,2
Sit_10_8_3.png,2
Sit_10_8_4.png,2
Sit_10_8_5.png,2
Sit_10_8_6.png,2
Sit_10_8_7.png,2
Sit_10_8_8.png,2
Sit_10_8_9.png,2
Sit_10_8_10.png,2
Sit_10_8_11.png,2
Sit_10_8_12.png,2
Sit_10_8_13.png,2
Sit_10_8_14.png,2
Sit_10_8_15.png,2
Sit_10_8_16.png,2
Sit_10_8_17.png,2
Sit_10_8_18.png,2
Sit_10_8_19.png,2
Sit_10_8_20.png,2
Sit_10_8_21.png,2
Sit_10_8_22.png,2
Sit_10_8_23.png,2
Sit_10_8_24.png,2
Sit_10_8_25.png,2
Sit_10_9_0.png,2
Sit_10_9_1.png,2
Sit_10_9_2.png,2
Sit_10_9_3.png,2
Sit_10_9_4.png,2
Sit_10_9_5.png,2
Sit_10_9_6.png,2
Sit_10_9_7.png,2
Sit_10_9_8.png,2
Sit_10_9_9.png,2
Sit_10_9_10.png,2
Sit_10_9_11.png,2
Sit_10_9_12.png,2
Sit_10_9_13.png,2
Sit_10_9_14.png,2
Sit_10_9_15.png,2
Sit_10_9_16.png,2
Sit_10_9_17.png,2
Sit_10_9_18.png,2
Sit_10_9_19.png,2
Sit_10_9_20.png,2
Sit_10_9_21.png,2
Sit_10_9_22.png,2
Sit_10_9_23.png,2
Sit_10_11_0.png,2
Sit_10_11_1.png,2
Sit_10_11_2.png,2
Sit_10_11_3.png,2
Sit_10_11_4.png,2
Sit_10_11_5.png,2
Sit_10_11_6.png,2
Sit_10_11_7.png,2
Sit_10_11_8.png,2
Sit_10_11_9.png,2
Sit_10_11_10.png,2
Sit_10_11_11.png,2
Sit_10_11_12.png,2
Sit_10_11_13.png,2
Sit_10_11_14.png,2
Sit_10_11_15.png,2
Sit_10_11_16.png,2
Sit_10_11_17.png,2
Sit_10_11_18.png,2
Sit_10_11_19.png,2
Sit_10_11_20.png,2
Sit_10_11_21.png,2
Sit_10_11_22.png,2
Sit_10_11_23.png,2
Sit_10_11_24.png,2
Sit_10_11_25.png,2
Sit_10_12_0.png,2
Sit_10_12_1.png,2
Sit_10_12_2.png,2
Sit_10_12_3.png,2
Sit_10_12_4.png,2
Sit_10_12_5.png,2
Sit_10_12_6.png,2
Sit_10_12_7.png,2
Sit_10_12_8.png,2
Sit_10_12_9.png,2
Sit_10_12_10.png,2
Sit_10_12_11.png,2
Sit_10_12_12.png,2
Sit_10_12_13.png,2
Sit_10_12_14.png,2
Sit_10_12_15.png,2
Sit_10_12_16.png,2
Sit_10_12_17.png,2
Sit_10_12_18.png,2
Sit_10_12_19.png,2
Sit_10_12_20.png,2
Sit_10_12_21.png,2
Sit_10_12_22.png,2
Sit_10_12_23.png,2
Sit_10_12_24.png,2
Sit_10_12_25.png,2
Sit_10_12_26.png,2
Sit_10_13_0.png,2
Sit_10_13_1.png,2
Sit_10_13_2.png,2
Sit_10_13_3.png,2
Sit_10_13_4.png,2
Sit_10_13_5.png,2
Sit_10_13_6.png,2
Sit_10_13_7.png,2
Sit_10_13_8.png,2
Sit_10_13_9.png,2
Sit_10_13_10.png,2
Sit_10_13_11.png,2
Sit_10_13_12.png,2
Sit_10_13_13.png,2
Sit_10_13_14.png,2
Sit_10_13_15.png,2
Sit_10_13_16.png,2
Sit_10_13_17.png,2
Sit_10_13_18.png,2
Sit_10_13_19.png,2
Sit_10_13_20.png,2
Sit_10_13_21.png,2
Sit_10_13_22.png,2
Sit_10_13_23.png,2
Sit_10_13_24.png,2
Sit_10_13_25.png,2
Sit_10_13_26.png,2
Sit_10_13_27.png,2
Sit_2_1_0.png,2
Sit_2_1_1.png,2
Sit_2_1_2.png,2
Sit_2_1_3.png,2
Sit_2_1_4.png,2
Sit_2_1_5.png,2
Sit_2_1_6.png,2
Sit_2_1_7.png,2
Sit_2_1_8.png,2
Sit_2_1_9.png,2
Sit_2_1_10.png,2
Sit_2_1_11.png,2
Sit_2_1_12.png,2
Sit_2_1_13.png,2
Sit_2_1_14.png,2
Sit_2_1_15.png,2
Sit_2_1_16.png,2
Sit_2_1_17.png,2
Sit_2_1_18.png,2
Sit_2_1_19.png,2
Sit_2_2_0.png,2
Sit_2_2_1.png,2
Sit_2_2_2.png,2
Sit_2_2_3.png,2
Sit_2_2_4.png,2
Sit_2_2_5.png,2
Sit_2_2_6.png,2
Sit_2_2_7.png,2
Sit_2_2_8.png,2
Sit_2_2_9.png,2
Sit_2_2_10.png,2
Sit_2_2_11.png,2
Sit_2_2_12.png,2
Sit_2_2_13.png,2
Sit_2_2_14.png,2
Sit_2_2_15.png,2
Sit_2_2_16.png,2
Sit_2_2_17.png,2
Sit_2_2_18.png,2
Sit_2_2_19.png,2
Sit_2_2_20.png,2
Sit_2_2_21.png,2
Sit_2_2_22.png,2
Sit_2_2_23.png,2
Sit_2_2_24.png,2
Sit_2_2_25.png,2
Sit_2_3_0.png,2
Sit_2_3_1.png,2
Sit_2_3_2.png,2
Sit_2_3_3.png,2
Sit_2_3_4.png,2
Sit_2_3_5.png,2
Sit_2_3_6.png,2
Sit_2_3_7.png,2
Sit_2_3_8.png,2
Sit_2_3_9.png,2
Sit_2_3_10.png,2
Sit_2_3_11.png,2
Sit_2_3_12.png,2
Sit_2_3_13.png,2
Sit_2_3_14.png,2
Sit_2_3_15.png,2
Sit_2_3_16.png,2
Sit_2_3_17.png,2
Sit_2_3_18.png,2
Sit_2_3_19.png,2
Sit_2_3_20.png,2
Sit_2_5_0.png,2
Sit_2_5_1.png,2
Sit_2_5_2.png,2
Sit_2_5_3.png,2
Sit_2_5_4.png,2
Sit_2_5_5.png,2
Sit_2_5_6.png,2
Sit_2_5_7.png,2
Sit_2_5_8.png,2
Sit_2_5_9.png,2
Sit_2_5_10.png,2
Sit_2_5_11.png,2
Sit_2_5_12.png,2
Sit_2_5_13.png,2
Sit_2_5_14.png,2
Sit_2_5_15.png,2
Sit_2_5_16.png,2
Sit_2_5_17.png,2
Sit_2_5_18.png,2
Sit_2_5_19.png,2
Sit_2_5_20.png,2
Sit_2_5_21.png,2
Sit_2_5_22.png,2
Sit_2_5_23.png,2
Sit_2_5_24.png,2
Sit_2_5_25.png,2
Sit_2_5_26.png,2
Sit_2_5_27.png,2
Sit_2_4_0.png,2
Sit_2_4_1.png,2
Sit_2_4_2.png,2
Sit_2_4_3.png,2
Sit_2_4_4.png,2
Sit_2_4_5.png,2
Sit_2_4_6.png,2
Sit_2_4_7.png,2
Sit_2_4_8.png,2
Sit_2_4_9.png,2
Sit_2_4_10.png,2
Sit_2_4_11.png,2
Sit_2_4_12.png,2
Sit_2_4_13.png,2
Sit_2_4_14.png,2
Sit_2_4_15.png,2
Sit_2_4_16.png,2
Sit_2_4_17.png,2
Sit_2_4_18.png,2
Sit_2_4_19.png,2
Sit_2_4_20.png,2
Sit_2_4_21.png,2
Sit_2_4_22.png,2
Sit_2_6_0.png,2
Sit_2_6_1.png,2
Sit_2_6_2.png,2
Sit_2_6_3.png,2
Sit_2_6_4.png,2
Sit_2_6_5.png,2
Sit_2_6_6.png,2
Sit_2_6_7.png,2
Sit_2_6_8.png,2
Sit_2_6_9.png,2
Sit_2_6_10.png,2
Sit_2_6_11.png,2
Sit_2_6_12.png,2
Sit_2_6_13.png,2
Sit_2_6_14.png,2
Sit_2_6_15.png,2
Sit_2_6_16.png,2
Sit_2_6_17.png,2
Sit_2_6_18.png,2
Sit_2_6_19.png,2
Sit_2_6_20.png,2
Sit_2_6_21.png,2
Sit_2_6_22.png,2
Sit_2_6_23.png,2
Sit_2_6_24.png,2
Sit_2_6_25.png,2
Sit_2_6_26.png,2
Sit_2_6_27.png,2
Sit_2_6_28.png,2
Sit_2_6_29.png,2
Sit_2_6_30.png,2
Sit_2_6_31.png,2
Sit_2_6_32.png,2
Sit_2_6_33.png,2
Sit_2_6_34.png,2
Sit_2_7_0.png,2
Sit_2_7_1.png,2
Sit_2_7_2.png,2
Sit_2_7_3.png,2
Sit_2_7_4.png,2
Sit_2_7_5.png,2
Sit_2_7_6.png,2
Sit_2_7_7.png,2
Sit_2_7_8.png,2
Sit_2_7_9.png,2
Sit_2_7_10.png,2
Sit_2_7_11.png,2
Sit_2_7_12.png,2
Sit_2_7_13.png,2
Sit_2_7_14.png,2
Sit_2_7_15.png,2
Sit_2_7_16.png,2
Sit_2_7_17.png,2
Sit_2_7_18.png,2
Sit_2_7_19.png,2
Sit_2_7_20.png,2
Sit_2_8_0.png,2
Sit_2_8_1.png,2
Sit_2_8_2.png,2
Sit_2_8_3.png,2
Sit_2_8_4.png,2
Sit_2_8_5.png,2
Sit_2_8_6.png,2
Sit_2_8_7.png,2
Sit_2_8_8.png,2
Sit_2_8_9.png,2
Sit_2_8_10.png,2
Sit_2_8_11.png,2
Sit_2_8_12.png,2
Sit_2_8_13.png,2
Sit_2_8_14.png,2
Sit_2_8_15.png,2
Sit_2_8_16.png,2
Sit_2_8_17.png,2
Sit_2_8_18.png,2
Sit_4_10_0.png,2
Sit_4_10_1.png,2
Sit_4_10_2.png,2
Sit_4_10_3.png,2
Sit_4_10_4.png,2
Sit_4_10_5.png,2
Sit_4_10_6.png,2
Sit_4_10_7.png,2
Sit_4_10_8.png,2
Sit_4_10_9.png,2
Sit_4_10_10.png,2
Sit_4_10_11.png,2
Sit_4_10_12.png,2
Sit_4_10_13.png,2
Sit_4_10_14.png,2
Sit_4_10_15.png,2
Sit_4_10_16.png,2
Sit_4_10_17.png,2
Sit_4_10_18.png,2
Sit_4_10_19.png,2
Sit_4_10_20.png,2
Sit_4_10_21.png,2
Sit_4_10_22.png,2
Sit_4_10_23.png,2
Sit_4_10_24.png,2
Sit_4_10_25.png,2
Sit_4_10_26.png,2
Sit_4_11_0.png,2
Sit_4_11_1.png,2
Sit_4_11_2.png,2
Sit_4_11_3.png,2
Sit_4_11_4.png,2
Sit_4_11_5.png,2
Sit_4_11_6.png,2
Sit_4_11_7.png,2
Sit_4_11_8.png,2
Sit_4_11_9.png,2
Sit_4_11_10.png,2
Sit_4_11_11.png,2
Sit_4_11_12.png,2
Sit_4_11_13.png,2
Sit_4_11_14.png,2
Sit_4_11_15.png,2
Sit_4_11_16.png,2
Sit_4_11_17.png,2
Sit_4_11_18.png,2
Sit_4_11_19.png,2
Sit_4_11_20.png,2
Sit_4_11_21.png,2
Sit_4_11_22.png,2
Sit_4_11_23.png,2
Sit_4_11_24.png,2
Sit_4_11_25.png,2
Sit_4_11_26.png,2
Sit_4_11_27.png,2
Sit_4_12_0.png,2
Sit_4_12_1.png,2
Sit_4_12_2.png,2
Sit_4_12_3.png,2
Sit_4_12_4.png,2
Sit_4_12_5.png,2
Sit_4_12_6.png,2
Sit_4_12_7.png,2
Sit_4_12_8.png,2
Sit_4_12_9.png,2
Sit_4_12_10.png,2
Sit_4_12_11.png,2
Sit_4_12_12.png,2
Sit_4_12_13.png,2
Sit_4_12_14.png,2
Sit_4_12_15.png,2
Sit_4_12_16.png,2
Sit_4_12_17.png,2
Sit_4_13_0.png,2
Sit_4_13_1.png,2
Sit_4_13_2.png,2
Sit_4_13_3.png,2
Sit_4_13_4.png,2
Sit_4_13_5.png,2
Sit_4_13_6.png,2
Sit_4_13_7.png,2
Sit_4_13_8.png,2
Sit_4_13_9.png,2
Sit_4_13_10.png,2
Sit_4_13_11.png,2
Sit_4_13_12.png,2
Sit_4_13_13.png,2
Sit_4_13_14.png,2
Sit_4_13_15.png,2
Sit_4_13_16.png,2
Sit_4_13_17.png,2
Sit_4_13_18.png,2
Sit_4_13_19.png,2
Sit_4_13_20.png,2
Sit_4_13_21.png,2
Sit_4_13_22.png,2
Sit_4_13_23.png,2
Sit_4_13_24.png,2
Sit_4_13_25.png,2
Sit_4_13_26.png,2
Sit_10_1_0.png,2
Sit_10_1_1.png,2
Sit_10_1_2.png,2
Sit_10_1_3.png,2
Sit_10_1_4.png,2
Sit_10_1_5.png,2
Sit_10_1_6.png,2
Sit_10_1_7.png,2
Sit_10_1_8.png,2
Sit_10_1_9.png,2
Sit_10_1_10.png,2
Sit_10_1_11.png,2
Sit_10_1_12.png,2
Sit_10_1_13.png,2
Sit_10_1_14.png,2
Sit_10_1_15.png,2
Sit_10_1_16.png,2
Sit_10_1_17.png,2
Sit_10_1_18.png,2
Sit_10_1_19.png,2
Sit_10_1_20.png,2
Sit_10_1_21.png,2
Sit_10_1_22.png,2
Sit_10_1_23.png,2
Sit_10_1_24.png,2
Sit_10_1_25.png,2
Sit_10_1_26.png,2
Sit_10_1_27.png,2
Sit_10_1_28.png,2
Sit_10_4_0.png,2
Sit_10_4_1.png,2
Sit_10_4_2.png,2
Sit_10_4_3.png,2
Sit_10_4_4.png,2
Sit_10_4_5.png,2
Sit_10_4_6.png,2
Sit_10_4_7.png,2
Sit_10_4_8.png,2
Sit_10_4_9.png,2
Sit_10_4_10.png,2
Sit_10_4_11.png,2
Sit_10_4_12.png,2
Sit_10_4_13.png,2
Sit_10_4_14.png,2
Sit_10_4_15.png,2
Sit_10_4_16.png,2
Sit_10_4_17.png,2
Sit_10_4_18.png,2
Sit_10_4_19.png,2
Sit_10_4_20.png,2
Sit_10_4_21.png,2
Sit_10_4_22.png,2
Sit_10_4_23.png,2
Sit_10_4_24.png,2
Sit_10_4_25.png,2
Sit_10_4_26.png,2
Sit_10_4_27.png,2
Sit_10_4_28.png,2
Sit_10_4_29.png,2
Sit_10_4_30.png,2
Sit_10_3_0.png,2
Sit_10_3_1.png,2
Sit_10_3_2.png,2
Sit_10_3_3.png,2
Sit_10_3_4.png,2
Sit_10_3_5.png,2
Sit_10_3_6.png,2
Sit_10_3_7.png,2
Sit_10_3_8.png,2
Sit_10_3_9.png,2
Sit_10_3_10.png,2
Sit_10_3_11.png,2
Sit_10_3_12.png,2
Sit_10_3_13.png,2
Sit_10_3_14.png,2
Sit_10_3_15.png,2
Sit_10_3_16.png,2
Sit_10_3_17.png,2
Sit_10_3_18.png,2
Sit_10_3_19.png,2
Sit_10_3_20.png,2
Sit_10_3_21.png,2
Sit_10_3_22.png,2
Sit_10_3_23.png,2
Sit_10_3_24.png,2
Sit_10_3_25.png,2
Sit_10_3_26.png,2
Sit_10_3_27.png,2
Sit_10_3_28.png,2
Sit_10_3_29.png,2
Sit_10_3_30.png,2
Sit_10_2_0.png,2
Sit_10_2_1.png,2
Sit_10_2_2.png,2
Sit_10_2_3.png,2
Sit_10_2_4.png,2
Sit_10_2_5.png,2
Sit_10_2_6.png,2
Sit_10_2_7.png,2
Sit_10_2_8.png,2
Sit_10_2_9.png,2
Sit_10_2_10.png,2
Sit_10_2_11.png,2
Sit_10_2_12.png,2
Sit_10_2_13.png,2
Sit_10_2_14.png,2
Sit_10_2_15.png,2
Sit_10_2_16.png,2
Sit_10_2_17.png,2
Sit_10_2_18.png,2
Sit_10_2_19.png,2
Sit_10_2_20.png,2
Sit_10_2_21.png,2
Sit_10_2_22.png,2
Sit_10_2_23.png,2
Sit_10_2_24.png,2
Sit_10_2_25.png,2
Sit_10_2_26.png,2
Sit_10_2_27.png,2
Stand_3_4_0.png,3
Stand_3_4_1.png,3
Stand_3_4_2.png,3
Stand_3_4_3.png,3
Stand_3_4_4.png,3
Stand_3_4_5.png,3
Stand_3_4_6.png,3
Stand_3_4_7.png,3
Stand_3_4_8.png,3
Stand_3_4_9.png,3
Stand_3_4_10.png,3
Stand_3_4_11.png,3
Stand_3_4_12.png,3
Stand_3_4_13.png,3
Stand_3_4_14.png,3
Stand_3_4_15.png,3
Stand_3_4_16.png,3
Stand_3_4_17.png,3
Stand_3_4_18.png,3
Stand_3_4_19.png,3
Stand_3_4_20.png,3
Stand_3_4_21.png,3
Stand_3_4_22.png,3
Stand_3_4_23.png,3
Stand_3_4_24.png,3
Stand_3_6_0.png,3
Stand_3_6_1.png,3
Stand_3_6_2.png,3
Stand_3_6_3.png,3
Stand_3_6_4.png,3
Stand_3_6_5.png,3
Stand_3_6_6.png,3
Stand_3_6_7.png,3
Stand_3_6_8.png,3
Stand_3_6_9.png,3
Stand_3_6_10.png,3
Stand_3_6_11.png,3
Stand_3_6_12.png,3
Stand_3_6_13.png,3
Stand_3_6_14.png,3
Stand_3_6_15.png,3
Stand_3_6_16.png,3
Stand_3_6_17.png,3
Stand_3_6_18.png,3
Stand_3_6_19.png,3
Stand_3_6_20.png,3
Stand_3_6_21.png,3
Stand_3_6_22.png,3
Stand_3_6_23.png,3
Stand_3_6_24.png,3
Stand_3_6_25.png,3
Stand_3_5_0.png,3
Stand_3_5_1.png,3
Stand_3_5_2.png,3
Stand_3_5_3.png,3
Stand_3_5_4.png,3
Stand_3_5_5.png,3
Stand_3_5_6.png,3
Stand_3_5_7.png,3
Stand_3_5_8.png,3
Stand_3_5_9.png,3
Stand_3_5_10.png,3
Stand_3_5_11.png,3
Stand_3_5_12.png,3
Stand_3_5_13.png,3
Stand_3_5_14.png,3
Stand_3_5_15.png,3
Stand_3_5_16.png,3
Stand_3_5_17.png,3
Stand_3_5_18.png,3
Stand_3_5_19.png,3
Stand_3_5_20.png,3
Stand_3_5_21.png,3
Stand_3_5_22.png,3
Stand_3_5_23.png,3
Stand_3_5_24.png,3
Stand_3_5_25.png,3
Stand_3_5_26.png,3
Stand_3_5_27.png,3
Stand_3_5_28.png,3
Stand_3_5_29.png,3
Stand_3_7_0.png,3
Stand_3_7_1.png,3
Stand_3_7_2.png,3
Stand_3_7_3.png,3
Stand_3_7_4.png,3
Stand_3_7_5.png,3
Stand_3_7_6.png,3
Stand_3_7_7.png,3
Stand_3_7_8.png,3
Stand_3_7_9.png,3
Stand_3_7_10.png,3
Stand_3_7_11.png,3
Stand_3_7_12.png,3
Stand_3_7_13.png,3
Stand_3_7_14.png,3
Stand_3_7_15.png,3
Stand_3_7_16.png,3
Stand_3_7_17.png,3
Stand_3_7_18.png,3
Stand_3_7_19.png,3
Stand_3_7_20.png,3
Stand_3_7_21.png,3
Stand_3_7_22.png,3
Stand_3_7_23.png,3
Stand_3_7_24.png,3
Stand_3_7_25.png,3
Stand_3_8_0.png,3
Stand_3_8_1.png,3
Stand_3_8_2.png,3
Stand_3_8_3.png,3
Stand_3_8_4.png,3
Stand_3_8_5.png,3
Stand_3_8_6.png,3
Stand_3_8_7.png,3
Stand_3_8_8.png,3
Stand_3_8_9.png,3
Stand_3_8_10.png,3
Stand_3_8_11.png,3
Stand_3_8_12.png,3
Stand_3_8_13.png,3
Stand_3_8_14.png,3
Stand_3_8_15.png,3
Stand_3_8_16.png,3
Stand_3_8_17.png,3
Stand_3_8_18.png,3
Stand_3_8_19.png,3
Stand_3_8_20.png,3
Stand_3_8_21.png,3
Stand_3_8_22.png,3
Stand_5_1_0.png,3
Stand_5_1_1.png,3
Stand_5_1_2.png,3
Stand_5_1_3.png,3
Stand_5_1_4.png,3
Stand_5_1_5.png,3
Stand_5_1_6.png,3
Stand_5_1_7.png,3
Stand_5_1_8.png,3
Stand_5_1_9.png,3
Stand_5_1_10.png,3
Stand_5_1_11.png,3
Stand_5_1_12.png,3
Stand_5_1_13.png,3
Stand_5_1_14.png,3
Stand_5_1_15.png,3
Stand_5_1_16.png,3
Stand_5_1_17.png,3
Stand_5_1_18.png,3
Stand_5_1_19.png,3
Stand_5_1_20.png,3
Stand_5_1_21.png,3
Stand_5_1_22.png,3
Stand_5_1_23.png,3
Stand_5_2_0.png,3
Stand_5_2_1.png,3
Stand_5_2_2.png,3
Stand_5_2_3.png,3
Stand_5_2_4.png,3
Stand_5_2_5.png,3
Stand_5_2_6.png,3
Stand_5_2_7.png,3
Stand_5_2_8.png,3
Stand_5_2_9.png,3
Stand_5_2_10.png,3
Stand_5_2_11.png,3
Stand_5_2_12.png,3
Stand_5_2_13.png,3
Stand_5_2_14.png,3
Stand_5_2_15.png,3
Stand_5_2_16.png,3
Stand_5_2_17.png,3
Stand_5_2_18.png,3
Stand_5_2_19.png,3
Stand_5_2_20.png,3
Stand_5_2_21.png,3
Stand_5_2_22.png,3
Stand_5_3_0.png,3
Stand_5_3_1.png,3
Stand_5_3_2.png,3
Stand_5_3_3.png,3
Stand_5_3_4.png,3
Stand_5_3_5.png,3
Stand_5_3_6.png,3
Stand_5_3_7.png,3
Stand_5_3_8.png,3
Stand_5_3_9.png,3
Stand_5_3_10.png,3
Stand_5_3_11.png,3
Stand_5_3_12.png,3
Stand_5_3_13.png,3
Stand_5_3_14.png,3
Stand_5_3_15.png,3
Stand_5_3_16.png,3
Stand_5_3_17.png,3
Stand_5_3_18.png,3
Stand_5_3_19.png,3
Stand_5_3_20.png,3
Stand_5_3_21.png,3
Stand_5_3_22.png,3
Stand_5_4_0.png,3
Stand_5_4_1.png,3
Stand_5_4_2.png,3
Stand_5_4_3.png,3
Stand_5_4_4.png,3
Stand_5_4_5.png,3
Stand_5_4_6.png,3
Stand_5_4_7.png,3
Stand_5_4_8.png,3
Stand_5_4_9.png,3
Stand_5_4_10.png,3
Stand_5_4_11.png,3
Stand_5_4_12.png,3
Stand_5_4_13.png,3
Stand_5_4_14.png,3
Stand_5_4_15.png,3
Stand_5_4_16.png,3
Stand_5_4_17.png,3
Stand_5_4_18.png,3
Stand_5_4_19.png,3
Stand_5_4_20.png,3
Stand_5_4_21.png,3
Stand_5_4_22.png,3
Stand_5_4_23.png,3
Stand_5_4_24.png,3
Stand_5_4_25.png,3
Stand_5_4_26.png,3
Stand_5_4_27.png,3
Stand_5_6_0.png,3
Stand_5_6_1.png,3
Stand_5_6_2.png,3
Stand_5_6_3.png,3
Stand_5_6_4.png,3
Stand_5_6_5.png,3
Stand_5_6_6.png,3
Stand_5_6_7.png,3
Stand_5_6_8.png,3
Stand_5_6_9.png,3
Stand_5_6_10.png,3
Stand_5_6_11.png,3
Stand_5_6_12.png,3
Stand_5_6_13.png,3
Stand_5_6_14.png,3
Stand_5_6_15.png,3
Stand_5_6_16.png,3
Stand_5_6_17.png,3
Stand_5_6_18.png,3
Stand_5_6_19.png,3
Stand_5_6_20.png,3
Stand_5_6_21.png,3
Stand_5_6_22.png,3
Stand_5_5_0.png,3
Stand_5_5_1.png,3
Stand_5_5_2.png,3
Stand_5_5_3.png,3
Stand_5_5_4.png,3
Stand_5_5_5.png,3
Stand_5_5_6.png,3
Stand_5_5_7.png,3
Stand_5_5_8.png,3
Stand_5_5_9.png,3
Stand_5_5_10.png,3
Stand_5_5_11.png,3
Stand_5_5_12.png,3
Stand_5_5_13.png,3
Stand_5_5_14.png,3
Stand_5_5_15.png,3
Stand_5_5_16.png,3
Stand_5_5_17.png,3
Stand_5_12_0.png,3
Stand_5_12_1.png,3
Stand_5_12_2.png,3
Stand_5_12_3.png,3
Stand_5_12_4.png,3
Stand_5_12_5.png,3
Stand_5_12_6.png,3
Stand_5_12_7.png,3
Stand_5_12_8.png,3
Stand_5_12_9.png,3
Stand_5_12_10.png,3
Stand_5_12_11.png,3
Stand_5_12_12.png,3
Stand_5_12_13.png,3
Stand_5_12_14.png,3
Stand_5_12_15.png,3
Stand_5_12_16.png,3
Stand_5_12_17.png,3
Stand_5_12_18.png,3
Stand_5_12_19.png,3
Stand_5_10_0.png,3
Stand_5_10_1.png,3
Stand_5_10_2.png,3
Stand_5_10_3.png,3
Stand_5_10_4.png,3
Stand_5_10_5.png,3
Stand_5_10_6.png,3
Stand_5_10_7.png,3
Stand_5_10_8.png,3
Stand_5_10_9.png,3
Stand_5_10_10.png,3
Stand_5_10_11.png,3
Stand_5_10_12.png,3
Stand_5_10_13.png,3
Stand_5_10_14.png,3
Stand_5_10_15.png,3
Stand_5_10_16.png,3
Stand_5_10_17.png,3
Stand_5_10_18.png,3
Stand_5_10_19.png,3
Stand_5_10_20.png,3
Stand_5_11_0.png,3
Stand_5_11_1.png,3
Stand_5_11_2.png,3
Stand_5_11_3.png,3
Stand_5_11_4.png,3
Stand_5_11_5.png,3
Stand_5_11_6.png,3
Stand_5_11_7.png,3
Stand_5_11_8.png,3
Stand_5_11_9.png,3
Stand_5_11_10.png,3
Stand_5_11_11.png,3
Stand_5_11_12.png,3
Stand_5_11_13.png,3
Stand_5_11_14.png,3
Stand_5_11_15.png,3
Stand_5_11_16.png,3
Stand_5_11_17.png,3
Stand_5_11_18.png,3
Stand_5_11_19.png,3
Stand_5_11_20.png,3
Stand_5_11_21.png,3
Stand_2_3_0.png,3
Stand_2_3_1.png,3
Stand_2_3_2.png,3
Stand_2_3_3.png,3
Stand_2_3_4.png,3
Stand_2_3_5.png,3
Stand_2_3_6.png,3
Stand_2_3_7.png,3
Stand_2_3_8.png,3
Stand_2_3_9.png,3
Stand_2_3_10.png,3
Stand_2_3_11.png,3
Stand_2_3_12.png,3
Stand_2_3_13.png,3
Stand_2_3_14.png,3
Stand_2_3_15.png,3
Stand_2_3_16.png,3
Stand_2_3_17.png,3
Stand_2_3_18.png,3
Stand_2_3_19.png,3
Stand_2_3_20.png,3
Stand_2_3_21.png,3
Stand_2_3_22.png,3
Stand_2_3_23.png,3
Stand_2_4_0.png,3
Stand_2_4_1.png,3
Stand_2_4_2.png,3
Stand_2_4_3.png,3
Stand_2_4_4.png,3
Stand_2_4_5.png,3
Stand_2_4_6.png,3
Stand_2_4_7.png,3
Stand_2_4_8.png,3
Stand_2_4_9.png,3
Stand_2_4_10.png,3
Stand_2_4_11.png,3
Stand_2_4_12.png,3
Stand_2_4_13.png,3
Stand_2_4_14.png,3
Stand_2_4_15.png,3
Stand_2_4_16.png,3
Stand_2_4_17.png,3
Stand_2_4_18.png,3
Stand_2_4_19.png,3
Stand_2_4_20.png,3
Stand_2_8_0.png,3
Stand_2_8_1.png,3
Stand_2_8_2.png,3
Stand_2_8_3.png,3
Stand_2_8_4.png,3
Stand_2_8_5.png,3
Stand_2_8_6.png,3
Stand_2_8_7.png,3
Stand_2_8_8.png,3
Stand_2_8_9.png,3
Stand_2_8_10.png,3
Stand_2_8_11.png,3
Stand_2_8_12.png,3
Stand_2_8_13.png,3
Stand_2_8_14.png,3
Stand_2_8_15.png,3
Stand_2_8_16.png,3
Stand_2_8_17.png,3
Stand_2_8_18.png,3
Stand_2_8_19.png,3
Stand_2_8_20.png,3
Stand_2_9_0.png,3
Stand_2_9_1.png,3
Stand_2_9_2.png,3
Stand_2_9_3.png,3
Stand_2_9_4.png,3
Stand_2_9_5.png,3
Stand_2_9_6.png,3
Stand_2_9_7.png,3
Stand_2_9_8.png,3
Stand_2_9_9.png,3
Stand_2_9_10.png,3
Stand_2_9_11.png,3
Stand_2_9_12.png,3
Stand_2_9_13.png,3
Stand_2_9_14.png,3
Stand_2_9_15.png,3
Stand_2_9_16.png,3
Stand_9_12_0.png,3
Stand_9_12_1.png,3
Stand_9_12_2.png,3
Stand_9_12_3.png,3
Stand_9_12_4.png,3
Stand_9_12_5.png,3
Stand_9_12_6.png,3
Stand_9_12_7.png,3
Stand_9_12_8.png,3
Stand_9_12_9.png,3
Stand_9_12_10.png,3
Stand_9_12_11.png,3
Stand_9_12_12.png,3
Stand_9_12_13.png,3
Stand_9_12_14.png,3
Stand_9_12_15.png,3
Stand_9_12_16.png,3
Stand_9_12_17.png,3
Stand_9_12_18.png,3
Stand_9_12_19.png,3
Stand_9_12_20.png,3
Stand_9_12_21.png,3
Stand_9_12_22.png,3
Stand_9_12_23.png,3
Stand_9_11_0.png,3
Stand_9_11_1.png,3
Stand_9_11_2.png,3
Stand_9_11_3.png,3
Stand_9_11_4.png,3
Stand_9_11_5.png,3
Stand_9_11_6.png,3
Stand_9_11_7.png,3
Stand_9_11_8.png,3
Stand_9_11_9.png,3
Stand_9_11_10.png,3
Stand_9_11_11.png,3
Stand_9_11_12.png,3
Stand_9_11_13.png,3
Stand_9_11_14.png,3
Stand_9_11_15.png,3
Stand_9_11_16.png,3
Stand_9_11_17.png,3
Stand_9_11_18.png,3
Stand_9_11_19.png,3
Stand_9_11_20.png,3
Stand_9_11_21.png,3
Stand_9_11_22.png,3
Stand_9_11_23.png,3
Stand_9_11_24.png,3
Stand_9_14_0.png,3
Stand_9_14_1.png,3
Stand_9_14_2.png,3
Stand_9_14_3.png,3
Stand_9_14_4.png,3
Stand_9_14_5.png,3
Stand_9_14_6.png,3
Stand_9_14_7.png,3
Stand_9_14_8.png,3
Stand_9_14_9.png,3
Stand_9_14_10.png,3
Stand_9_14_11.png,3
Stand_9_14_12.png,3
Stand_9_14_13.png,3
Stand_9_14_14.png,3
Stand_9_14_15.png,3
Stand_9_14_16.png,3
Stand_9_14_17.png,3
Stand_9_14_18.png,3
Stand_9_14_19.png,3
Stand_9_14_20.png,3
Stand_9_14_21.png,3
Stand_9_14_22.png,3
Stand_9_14_23.png,3
Stand_9_14_24.png,3
Stand_9_14_25.png,3
Stand_9_14_26.png,3
Stand_9_13_0.png,3
Stand_9_13_1.png,3
Stand_9_13_2.png,3
Stand_9_13_3.png,3
Stand_9_13_4.png,3
Stand_9_13_5.png,3
Stand_9_13_6.png,3
Stand_9_13_7.png,3
Stand_9_13_8.png,3
Stand_9_13_9.png,3
Stand_9_13_10.png,3
Stand_9_13_11.png,3
Stand_9_13_12.png,3
Stand_9_13_13.png,3
Stand_9_13_14.png,3
Stand_9_13_15.png,3
Stand_9_13_16.png,3
Stand_9_13_17.png,3
Stand_9_13_18.png,3
Stand_9_13_19.png,3
Stand_9_13_20.png,3
Stand_9_13_21.png,3
Stand_9_13_22.png,3
Stand_9_13_23.png,3
Stand_9_13_24.png,3
Stand_9_13_25.png,3
Stand_9_13_26.png,3
Stand_9_13_27.png,3
Stand_9_15_0.png,3
Stand_9_15_1.png,3
Stand_9_15_2.png,3
Stand_9_15_3.png,3
Stand_9_15_4.png,3
Stand_9_15_5.png,3
Stand_9_15_6.png,3
Stand_9_15_7.png,3
Stand_9_15_8.png,3
Stand_9_15_9.png,3
Stand_9_15_10.png,3
Stand_9_15_11.png,3
Stand_9_15_12.png,3
Stand_9_15_13.png,3
Stand_9_15_14.png,3
Stand_9_15_15.png,3
Stand_9_15_16.png,3
Stand_9_15_17.png,3
Stand_9_15_18.png,3
Stand_9_15_19.png,3
Stand_3_1_0.png,3
Stand_3_1_1.png,3
Stand_3_1_2.png,3
Stand_3_1_3.png,3
Stand_3_1_4.png,3
Stand_3_1_5.png,3
Stand_3_1_6.png,3
Stand_3_1_7.png,3
Stand_3_1_8.png,3
Stand_3_1_9.png,3
Stand_3_1_10.png,3
Stand_3_1_11.png,3
Stand_3_1_12.png,3
Stand_3_1_13.png,3
Stand_3_1_14.png,3
Stand_3_1_15.png,3
Stand_3_1_16.png,3
Stand_3_1_17.png,3
Stand_3_1_18.png,3
Stand_3_1_19.png,3
Stand_3_1_20.png,3
Stand_3_1_21.png,3
Stand_3_1_22.png,3
Stand_3_1_23.png,3
Stand_3_1_24.png,3
Stand_3_1_25.png,3
Stand_3_1_26.png,3
Stand_3_1_27.png,3
Stand_3_1_28.png,3
Stand_3_1_29.png,3
Stand_3_3_0.png,3
Stand_3_3_1.png,3
Stand_3_3_2.png,3
Stand_3_3_3.png,3
Stand_3_3_4.png,3
Stand_3_3_5.png,3
Stand_3_3_6.png,3
Stand_3_3_7.png,3
Stand_3_3_8.png,3
Stand_3_3_9.png,3
Stand_3_3_10.png,3
Stand_3_3_11.png,3
Stand_3_3_12.png,3
Stand_3_3_13.png,3
Stand_3_3_14.png,3
Stand_3_3_15.png,3
Stand_3_3_16.png,3
Stand_3_3_17.png,3
Stand_3_3_18.png,3
Stand_3_3_19.png,3
Stand_3_3_20.png,3
Stand_3_3_21.png,3
Stand_3_3_22.png,3
Stand_3_3_23.png,3
Stand_3_3_24.png,3
Stand_3_3_25.png,3
Turn_1_10_0.png,4
Turn_1_10_1.png,4
Turn_1_10_2.png,4
Turn_1_10_3.png,4
Turn_1_10_4.png,4
Turn_1_10_5.png,4
Turn_1_10_6.png,4
Turn_1_10_7.png,4
Turn_1_10_8.png,4
Turn_1_10_9.png,4
Turn_1_10_10.png,4
Turn_1_10_11.png,4
Turn_1_10_12.png,4
Turn_1_10_13.png,4
Turn_1_10_14.png,4
Turn_1_10_15.png,4
Turn_1_12_0.png,4
Turn_1_12_1.png,4
Turn_1_12_2.png,4
Turn_1_12_3.png,4
Turn_1_12_4.png,4
Turn_1_12_5.png,4
Turn_1_12_6.png,4
Turn_1_12_7.png,4
Turn_1_12_8.png,4
Turn_1_12_9.png,4
Turn_1_12_10.png,4
Turn_1_12_11.png,4
Turn_1_12_12.png,4
Turn_1_12_13.png,4
Turn_1_12_14.png,4
Turn_1_12_15.png,4
Turn_1_12_16.png,4
Turn_1_12_17.png,4
Turn_1_12_18.png,4
Turn_1_12_19.png,4
Turn_1_12_20.png,4
Turn_1_13_0.png,4
Turn_1_13_1.png,4
Turn_1_13_2.png,4
Turn_1_13_3.png,4
Turn_1_13_4.png,4
Turn_1_13_5.png,4
Turn_1_13_6.png,4
Turn_1_13_7.png,4
Turn_1_13_8.png,4
Turn_1_13_9.png,4
Turn_1_13_10.png,4
Turn_1_13_11.png,4
Turn_1_13_12.png,4
Turn_1_13_13.png,4
Turn_1_13_14.png,4
Turn_1_23_0.png,4
Turn_1_23_1.png,4
Turn_1_23_2.png,4
Turn_1_23_3.png,4
Turn_1_23_4.png,4
Turn_1_23_5.png,4
Turn_1_23_6.png,4
Turn_1_23_7.png,4
Turn_1_23_8.png,4
Turn_1_23_9.png,4
Turn_1_23_10.png,4
Turn_1_23_11.png,4
Turn_1_23_12.png,4
Turn_1_23_13.png,4
Turn_1_23_14.png,4
Turn_1_23_15.png,4
Turn_1_23_16.png,4
Turn_1_24_0.png,4
Turn_1_24_1.png,4
Turn_1_24_2.png,4
Turn_1_24_3.png,4
Turn_1_24_4.png,4
Turn_1_24_5.png,4
Turn_1_24_6.png,4
Turn_1_24_7.png,4
Turn_1_24_8.png,4
Turn_1_24_9.png,4
Turn_1_24_10.png,4
Turn_1_24_11.png,4
Turn_1_24_12.png,4
Turn_1_24_13.png,4
Turn_1_24_14.png,4
Turn_1_26_0.png,4
Turn_1_26_1.png,4
Turn_1_26_2.png,4
Turn_1_26_3.png,4
Turn_1_26_4.png,4
Turn_1_26_5.png,4
Turn_1_26_6.png,4
Turn_1_26_7.png,4
Turn_1_26_8.png,4
Turn_1_26_9.png,4
Turn_1_26_10.png,4
Turn_1_26_11.png,4
Turn_1_26_12.png,4
Turn_1_26_13.png,4
Turn_1_26_14.png,4
Turn_1_26_15.png,4
Turn_1_26_16.png,4
Turn_1_26_17.png,4
Turn_1_28_0.png,4
Turn_1_28_1.png,4
Turn_1_28_2.png,4
Turn_1_28_3.png,4
Turn_1_28_4.png,4
Turn_1_28_5.png,4
Turn_1_28_6.png,4
Turn_1_28_7.png,4
Turn_1_28_8.png,4
Turn_1_28_9.png,4
Turn_1_28_10.png,4
Turn_1_28_11.png,4
Turn_1_28_12.png,4
Turn_1_28_13.png,4
Turn_1_28_14.png,4
Turn_1_28_15.png,4
Turn_1_42_0.png,4
Turn_1_42_1.png,4
Turn_1_42_2.png,4
Turn_1_42_3.png,4
Turn_1_42_4.png,4
Turn_1_42_5.png,4
Turn_1_42_6.png,4
Turn_1_42_7.png,4
Turn_1_42_8.png,4
Turn_1_42_9.png,4
Turn_1_42_10.png,4
Turn_1_48_0.png,4
Turn_1_48_1.png,4
Turn_1_48_2.png,4
Turn_1_48_3.png,4
Turn_1_48_4.png,4
Turn_1_48_5.png,4
Turn_1_48_6.png,4
Turn_1_48_7.png,4
Turn_1_48_8.png,4
Turn_1_48_9.png,4
Turn_1_48_10.png,4
Turn_1_48_11.png,4
Turn_1_48_12.png,4
Turn_1_47_0.png,4
Turn_1_47_1.png,4
Turn_1_47_2.png,4
Turn_1_47_3.png,4
Turn_1_47_4.png,4
Turn_1_47_5.png,4
Turn_1_47_6.png,4
Turn_1_47_7.png,4
Turn_1_47_8.png,4
Turn_1_47_9.png,4
Turn_1_47_10.png,4
Turn_1_47_11.png,4
Turn_1_45_0.png,4
Turn_1_45_1.png,4
Turn_1_45_2.png,4
Turn_1_45_3.png,4
Turn_1_45_4.png,4
Turn_1_45_5.png,4
Turn_1_45_6.png,4
Turn_1_45_7.png,4
Turn_1_45_8.png,4
Turn_1_45_9.png,4
Turn_1_45_10.png,4
Turn_1_45_11.png,4
Turn_1_45_12.png,4
Turn_1_45_13.png,4
Turn_1_45_14.png,4
Turn_1_45_15.png,4
Turn_1_45_16.png,4
Turn_1_46_0.png,4
Turn_1_46_1.png,4
Turn_1_46_2.png,4
Turn_1_46_3.png,4
Turn_1_46_4.png,4
Turn_1_46_5.png,4
Turn_1_46_6.png,4
Turn_1_46_7.png,4
Turn_1_46_8.png,4
Turn_1_46_9.png,4
Turn_1_46_10.png,4
Turn_1_46_11.png,4
Turn_1_46_12.png,4
Turn_1_50_0.png,4
Turn_1_50_1.png,4
Turn_1_50_2.png,4
Turn_1_50_3.png,4
Turn_1_50_4.png,4
Turn_1_50_5.png,4
Turn_1_50_6.png,4
Turn_1_50_7.png,4
Turn_1_50_8.png,4
Turn_1_50_9.png,4
Turn_1_50_10.png,4
Turn_1_50_11.png,4
Turn_1_49_0.png,4
Turn_1_49_1.png,4
Turn_1_49_2.png,4
Turn_1_49_3.png,4
Turn_1_49_4.png,4
Turn_1_49_5.png,4
Turn_1_49_6.png,4
Turn_1_49_7.png,4
Turn_1_49_8.png,4
Turn_1_49_9.png,4
Turn_1_49_10.png,4
Turn_1_49_11.png,4
Turn_1_49_12.png,4
Turn_1_52_0.png,4
Turn_1_52_1.png,4
Turn_1_52_2.png,4
Turn_1_52_3.png,4
Turn_1_52_4.png,4
Turn_1_52_5.png,4
Turn_1_52_6.png,4
Turn_1_52_7.png,4
Turn_1_52_8.png,4
Turn_1_52_9.png,4
Turn_1_52_10.png,4
Turn_1_52_11.png,4
Turn_1_52_12.png,4
Turn_1_52_13.png,4
Turn_1_52_14.png,4
Turn_1_52_15.png,4
Turn_1_52_16.png,4
Turn_1_51_0.png,4
Turn_1_51_1.png,4
Turn_1_51_2.png,4
Turn_1_51_3.png,4
Turn_1_51_4.png,4
Turn_1_51_5.png,4
Turn_1_51_6.png,4
Turn_1_51_7.png,4
Turn_1_51_8.png,4
Turn_1_51_9.png,4
Turn_1_51_10.png,4
Turn_1_51_11.png,4
Turn_1_51_12.png,4
Turn_1_56_0.png,4
Turn_1_56_1.png,4
Turn_1_56_2.png,4
Turn_1_56_3.png,4
Turn_1_56_4.png,4
Turn_1_56_5.png,4
Turn_1_56_6.png,4
Turn_1_56_7.png,4
Turn_1_56_8.png,4
Turn_1_56_9.png,4
Turn_1_56_10.png,4
Turn_1_56_11.png,4
Turn_1_56_12.png,4
Turn_1_54_0.png,4
Turn_1_54_1.png,4
Turn_1_54_2.png,4
Turn_1_54_3.png,4
Turn_1_54_4.png,4
Turn_1_54_5.png,4
Turn_1_54_6.png,4
Turn_1_54_7.png,4
Turn_1_54_8.png,4
Turn_1_54_9.png,4
Turn_1_54_10.png,4
Turn_1_54_11.png,4
Turn_1_54_12.png,4
Turn_1_54_13.png,4
Turn_1_55_0.png,4
Turn_1_55_1.png,4
Turn_1_55_2.png,4
Turn_1_55_3.png,4
Turn_1_55_4.png,4
Turn_1_55_5.png,4
Turn_1_55_6.png,4
Turn_1_55_7.png,4
Turn_1_55_8.png,4
Turn_1_55_9.png,4
Turn_1_55_10.png,4
Turn_1_55_11.png,4
Turn_1_55_12.png,4
Turn_1_55_13.png,4
Turn_1_55_14.png,4
Turn_1_44_0.png,4
Turn_1_44_1.png,4
Turn_1_44_2.png,4
Turn_1_44_3.png,4
Turn_1_44_4.png,4
Turn_1_44_5.png,4
Turn_1_44_6.png,4
Turn_1_44_7.png,4
Turn_1_44_8.png,4
Turn_1_44_9.png,4
Turn_1_44_10.png,4
Turn_1_44_11.png,4
Turn_1_44_12.png,4
Turn_1_44_13.png,4
Turn_1_44_14.png,4
Turn_1_1_0.png,4
Turn_1_1_1.png,4
Turn_1_1_2.png,4
Turn_1_1_3.png,4
Turn_1_1_4.png,4
Turn_1_1_5.png,4
Turn_1_1_6.png,4
Turn_1_1_7.png,4
Turn_1_1_8.png,4
Turn_1_1_9.png,4
Turn_1_1_10.png,4
Turn_1_1_11.png,4
Turn_7_30_0.png,4
Turn_7_30_1.png,4
Turn_7_30_2.png,4
Turn_7_30_3.png,4
Turn_7_30_4.png,4
Turn_7_30_5.png,4
Turn_7_30_6.png,4
Turn_7_30_7.png,4
Turn_7_30_8.png,4
Turn_7_30_9.png,4
Turn_7_30_10.png,4
Turn_7_30_11.png,4
Turn_7_30_12.png,4
Turn_7_30_13.png,4
Turn_7_30_14.png,4
Turn_7_30_15.png,4
Turn_7_30_16.png,4
Turn_7_30_17.png,4
Turn_7_30_18.png,4
Turn_7_30_19.png,4
Turn_7_30_20.png,4
Turn_7_30_21.png,4
Turn_7_36_0.png,4
Turn_7_36_1.png,4
Turn_7_36_2.png,4
Turn_7_36_3.png,4
Turn_7_36_4.png,4
Turn_7_36_5.png,4
Turn_7_36_6.png,4
Turn_7_36_7.png,4
Turn_7_36_8.png,4
Turn_7_36_9.png,4
Turn_7_36_10.png,4
Turn_7_36_11.png,4
Turn_7_36_12.png,4
Turn_7_36_13.png,4
Turn_7_36_14.png,4
Turn_7_36_15.png,4
Turn_7_36_16.png,4
Turn_7_36_17.png,4
Turn_7_36_18.png,4
Turn_7_36_19.png,4
Turn_7_36_20.png,4
Turn_7_36_21.png,4
Turn_7_36_22.png,4
Turn_7_38_0.png,4
Turn_7_38_1.png,4
Turn_7_38_2.png,4
Turn_7_38_3.png,4
Turn_7_38_4.png,4
Turn_7_38_5.png,4
Turn_7_38_6.png,4
Turn_7_38_7.png,4
Turn_7_38_8.png,4
Turn_7_38_9.png,4
Turn_7_38_10.png,4
Turn_7_38_11.png,4
Turn_7_37_0.png,4
Turn_7_37_1.png,4
Turn_7_37_2.png,4
Turn_7_37_3.png,4
Turn_7_37_4.png,4
Turn_7_37_5.png,4
Turn_7_37_6.png,4
Turn_7_37_7.png,4
Turn_7_37_8.png,4
Turn_7_37_9.png,4
Turn_7_37_10.png,4
Turn_7_37_11.png,4
Turn_7_37_12.png,4
Turn_7_37_13.png,4
Turn_7_37_14.png,4
Turn_7_37_15.png,4
Turn_7_37_16.png,4
Turn_7_37_17.png,4
Turn_7_37_18.png,4
Turn_7_37_19.png,4
Turn_7_37_20.png,4
Turn_7_37_21.png,4
Turn_7_37_22.png,4
Turn_7_37_23.png,4
Turn_7_37_24.png,4
Turn_7_37_25.png,4
Walk_10_7_0.png,5
Walk_10_7_1.png,5
Walk_10_7_2.png,5
Walk_10_7_3.png,5
Walk_10_7_4.png,5
Walk_10_7_5.png,5
Walk_10_7_6.png,5
Walk_10_7_7.png,5
Walk_10_7_8.png,5
Walk_10_7_9.png,5
Walk_10_7_10.png,5
Walk_10_7_11.png,5
Walk_10_7_12.png,5
Walk_10_7_13.png,5
Walk_10_7_14.png,5
Walk_10_7_15.png,5
Walk_10_7_16.png,5
Walk_10_7_17.png,5
Walk_10_7_18.png,5
Walk_10_7_19.png,5
Walk_10_7_20.png,5
Walk_10_8_0.png,5
Walk_10_8_1.png,5
Walk_10_8_2.png,5
Walk_10_8_3.png,5
Walk_10_8_4.png,5
Walk_10_8_5.png,5
Walk_10_8_6.png,5
Walk_10_8_7.png,5
Walk_10_8_8.png,5
Walk_10_8_9.png,5
Walk_10_8_10.png,5
Walk_10_8_11.png,5
Walk_10_8_12.png,5
Walk_10_8_13.png,5
Walk_10_8_14.png,5
Walk_10_8_15.png,5
Walk_10_8_16.png,5
Walk_10_8_17.png,5
Walk_10_8_18.png,5
Walk_10_8_19.png,5
Walk_10_8_20.png,5
Walk_10_8_21.png,5
Walk_10_10_0.png,5
Walk_10_10_1.png,5
Walk_10_10_2.png,5
Walk_10_10_3.png,5
Walk_10_10_4.png,5
Walk_10_10_5.png,5
Walk_10_10_6.png,5
Walk_10_10_7.png,5
Walk_10_10_8.png,5
Walk_10_10_9.png,5
Walk_10_10_10.png,5
Walk_10_10_11.png,5
Walk_10_10_12.png,5
Walk_10_10_13.png,5
Walk_10_10_14.png,5
Walk_10_10_15.png,5
Walk_10_10_16.png,5
Walk_10_10_17.png,5
Walk_10_10_18.png,5
Walk_10_10_19.png,5
Walk_10_10_20.png,5
Walk_10_10_21.png,5
Walk_10_10_22.png,5
Walk_10_10_23.png,5
Walk_10_9_0.png,5
Walk_10_9_1.png,5
Walk_10_9_2.png,5
Walk_10_9_3.png,5
Walk_10_9_4.png,5
Walk_10_9_5.png,5
Walk_10_9_6.png,5
Walk_10_9_7.png,5
Walk_10_9_8.png,5
Walk_10_9_9.png,5
Walk_10_9_10.png,5
Walk_10_9_11.png,5
Walk_10_9_12.png,5
Walk_10_9_13.png,5
Walk_10_9_14.png,5
Walk_10_9_15.png,5
Walk_10_9_16.png,5
Walk_10_9_17.png,5
Walk_10_9_18.png,5
Walk_10_9_19.png,5
Walk_10_9_20.png,5
Walk_10_9_21.png,5
Walk_10_9_22.png,5
Walk_10_9_23.png,5
Walk_10_9_24.png,5
Walk_10_9_25.png,5
Walk_10_9_26.png,5
Walk_10_9_27.png,5
Walk_10_9_28.png,5
Walk_10_9_29.png,5
Walk_10_9_30.png,5
Walk_10_9_31.png,5
Walk_10_9_32.png,5
Walk_10_12_0.png,5
Walk_10_12_1.png,5
Walk_10_12_2.png,5
Walk_10_12_3.png,5
Walk_10_12_4.png,5
Walk_10_12_5.png,5
Walk_10_12_6.png,5
Walk_10_12_7.png,5
Walk_10_12_8.png,5
Walk_10_12_9.png,5
Walk_10_12_10.png,5
Walk_10_12_11.png,5
Walk_10_12_12.png,5
Walk_10_12_13.png,5
Walk_10_12_14.png,5
Walk_10_12_15.png,5
Walk_10_12_16.png,5
Walk_10_11_0.png,5
Walk_10_11_1.png,5
Walk_10_11_2.png,5
Walk_10_11_3.png,5
Walk_10_11_4.png,5
Walk_10_11_5.png,5
Walk_10_11_6.png,5
Walk_10_11_7.png,5
Walk_10_11_8.png,5
Walk_10_11_9.png,5
Walk_10_11_10.png,5
Walk_10_11_11.png,5
Walk_10_11_12.png,5
Walk_10_11_13.png,5
Walk_10_11_14.png,5
Walk_10_11_15.png,5
Walk_10_11_16.png,5
Walk_10_11_17.png,5
Walk_10_13_0.png,5
Walk_10_13_1.png,5
Walk_10_13_2.png,5
Walk_10_13_3.png,5
Walk_10_13_4.png,5
Walk_10_13_5.png,5
Walk_10_13_6.png,5
Walk_10_13_7.png,5
Walk_10_13_8.png,5
Walk_10_13_9.png,5
Walk_10_13_10.png,5
Walk_10_13_11.png,5
Walk_10_13_12.png,5
Walk_10_13_13.png,5
Walk_10_13_14.png,5
Walk_10_13_15.png,5
Walk_10_13_16.png,5
Walk_10_13_17.png,5
Walk_10_13_18.png,5
Walk_10_13_19.png,5
Walk_10_13_20.png,5
Walk_10_13_21.png,5
Walk_10_13_22.png,5
Walk_10_13_23.png,5
Walk_10_13_24.png,5
Walk_10_13_25.png,5
Walk_10_13_26.png,5
Walk_10_2_0.png,5
Walk_10_2_1.png,5
Walk_10_2_2.png,5
Walk_10_2_3.png,5
Walk_10_2_4.png,5
Walk_10_2_5.png,5
Walk_10_2_6.png,5
Walk_10_2_7.png,5
Walk_10_2_8.png,5
Walk_10_2_9.png,5
Walk_10_2_10.png,5
Walk_10_2_11.png,5
Walk_10_2_12.png,5
Walk_10_2_13.png,5
Walk_10_2_14.png,5
Walk_10_2_15.png,5
Walk_10_2_16.png,5
Walk_10_2_17.png,5
Walk_10_3_0.png,5
Walk_10_3_1.png,5
Walk_10_3_2.png,5
Walk_10_3_3.png,5
Walk_10_3_4.png,5
Walk_10_3_5.png,5
Walk_10_3_6.png,5
Walk_10_3_7.png,5
Walk_10_3_8.png,5
Walk_10_3_9.png,5
Walk_10_3_10.png,5
Walk_10_3_11.png,5
Walk_10_3_12.png,5
Walk_10_3_13.png,5
Walk_10_3_14.png,5
Walk_10_3_15.png,5
Walk_10_3_16.png,5
Walk_10_3_17.png,5
Walk_10_3_18.png,5
Walk_10_1_0.png,5
Walk_10_1_1.png,5
Walk_10_1_2.png,5
Walk_10_1_3.png,5
Walk_10_1_4.png,5
Walk_10_1_5.png,5
Walk_10_1_6.png,5
Walk_10_1_7.png,5
Walk_10_1_8.png,5
Walk_10_1_9.png,5
Walk_10_1_10.png,5
Walk_10_1_11.png,5
Walk_10_1_12.png,5
Walk_10_1_13.png,5
Walk_10_1_14.png,5
Walk_10_1_15.png,5
Walk_10_1_16.png,5
Walk_10_1_17.png,5
Walk_10_1_18.png,5
Walk_10_4_0.png,5
Walk_10_4_1.png,5
Walk_10_4_2.png,5
Walk_10_4_3.png,5
Walk_10_4_4.png,5
Walk_10_4_5.png,5
Walk_10_4_6.png,5
Walk_10_4_7.png,5
Walk_10_4_8.png,5
Walk_10_4_9.png,5
Walk_10_4_10.png,5
Walk_10_4_11.png,5
Walk_10_4_12.png,5
Walk_10_4_13.png,5
Walk_10_4_14.png,5
Walk_10_4_15.png,5
Walk_10_4_16.png,5
Walk_10_4_17.png,5
Walk_10_4_18.png,5
Walk_10_4_19.png,5
Walk_10_5_0.png,5
Walk_10_5_1.png,5
Walk_10_5_2.png,5
Walk_10_5_3.png,5
Walk_10_5_4.png,5
Walk_10_5_5.png,5
Walk_10_5_6.png,5
Walk_10_5_7.png,5
Walk_10_5_8.png,5
Walk_10_5_9.png,5
Walk_10_5_10.png,5
Walk_10_5_11.png,5
Walk_10_5_12.png,5
Walk_10_5_13.png,5
Walk_10_5_14.png,5
Walk_10_5_15.png,5
Walk_10_5_16.png,5
Walk_10_5_17.png,5
Walk_10_5_18.png,5
Walk_10_5_19.png,5
Walk_10_5_20.png,5
Walk_10_5_21.png,5
Walk_10_5_22.png,5
Walk_10_5_23.png,5
Walk_10_5_24.png,5
Walk_10_5_25.png,5
Walk_10_5_26.png,5
Walk_10_5_27.png,5
Walk_10_5_28.png,5
Walk_10_5_29.png,5
Walk_10_5_30.png,5
Walk_10_5_31.png,5
Walk_10_6_0.png,5
Walk_10_6_1.png,5
Walk_10_6_2.png,5
Walk_10_6_3.png,5
Walk_10_6_4.png,5
Walk_10_6_5.png,5
Walk_10_6_6.png,5
Walk_10_6_7.png,5
Walk_10_6_8.png,5
Walk_10_6_9.png,5
Walk_10_6_10.png,5
Walk_10_6_11.png,5
Walk_10_6_12.png,5
Walk_10_6_13.png,5
Walk_10_6_14.png,5
Walk_10_6_15.png,5
Walk_10_6_16.png,5
Walk_10_6_17.png,5
Walk_10_6_18.png,5
Walk_10_6_19.png,5
Walk_10_6_20.png,5
Walk_10_6_21.png,5
Walk_14_24_0.png,5
Walk_14_24_1.png,5
Walk_14_24_2.png,5
Walk_14_24_3.png,5
Walk_14_24_4.png,5
Walk_14_24_5.png,5
Walk_14_24_6.png,5
Walk_14_24_7.png,5
Walk_14_24_8.png,5
Walk_14_24_9.png,5
Walk_14_24_10.png,5
Walk_14_24_11.png,5
Walk_14_24_12.png,5
Walk_14_24_13.png,5
Walk_14_24_14.png,5
Walk_14_24_15.png,5
Walk_14_24_16.png,5
Walk_14_24_17.png,5
Walk_14_24_18.png,5
Walk_14_24_19.png,5
Walk_14_24_20.png,5
Walk_14_24_21.png,5
Walk_14_24_22.png,5
Walk_14_24_23.png,5
Walk_14_23_0.png,5
Walk_14_23_1.png,5
Walk_14_23_2.png,5
Walk_14_23_3.png,5
Walk_14_23_4.png,5
Walk_14_23_5.png,5
Walk_14_23_6.png,5
Walk_14_23_7.png,5
Walk_14_23_8.png,5
Walk_14_23_9.png,5
Walk_14_23_10.png,5
Walk_14_23_11.png,5
Walk_14_23_12.png,5
Walk_14_23_13.png,5
Walk_14_23_14.png,5
Walk_14_23_15.png,5
Walk_14_23_16.png,5
Walk_14_23_17.png,5
Walk_14_23_18.png,5
Walk_14_23_19.png,5
Walk_14_23_20.png,5
Walk_14_23_21.png,5
Walk_14_23_22.png,5
Walk_14_23_23.png,5
Walk_14_23_24.png,5
Walk_14_23_25.png,5
Walk_14_23_26.png,5
Walk_14_23_27.png,5
Walk_14_23_28.png,5
Walk_14_23_29.png,5
Walk_14_20_0.png,5
Walk_14_20_1.png,5
Walk_14_20_2.png,5
Walk_14_20_3.png,5
Walk_14_20_4.png,5
Walk_14_20_5.png,5
Walk_14_20_6.png,5
Walk_14_20_7.png,5
Walk_14_20_8.png,5
Walk_14_20_9.png,5
Walk_14_20_10.png,5
Walk_14_20_11.png,5
Walk_14_20_12.png,5
Walk_14_20_13.png,5
Walk_14_20_14.png,5
Walk_14_20_15.png,5
Walk_14_20_16.png,5
Walk_14_20_17.png,5
Walk_14_20_18.png,5
Walk_14_20_19.png,5
Walk_14_20_20.png,5
Walk_14_20_21.png,5
Walk_14_20_22.png,5
Walk_14_20_23.png,5
Walk_14_20_24.png,5
Walk_14_19_0.png,5
Walk_14_19_1.png,5
Walk_14_19_2.png,5
Walk_14_19_3.png,5
Walk_14_19_4.png,5
Walk_14_19_5.png,5
Walk_14_19_6.png,5
Walk_14_19_7.png,5
Walk_14_19_8.png,5
Walk_14_19_9.png,5
Walk_14_19_10.png,5
Walk_14_19_11.png,5
Walk_14_19_12.png,5
Walk_14_19_13.png,5
Walk_14_19_14.png,5
Walk_14_19_15.png,5
Walk_14_19_16.png,5
Walk_14_19_17.png,5
Walk_14_19_18.png,5
Walk_14_19_19.png,5
Walk_14_19_20.png,5
Walk_14_19_21.png,5
Walk_14_19_22.png,5
Walk_14_22_0.png,5
Walk_14_22_1.png,5
Walk_14_22_2.png,5
Walk_14_22_3.png,5
Walk_14_22_4.png,5
Walk_14_22_5.png,5
Walk_14_22_6.png,5
Walk_14_22_7.png,5
Walk_14_22_8.png,5
Walk_14_22_9.png,5
Walk_14_22_10.png,5
Walk_14_22_11.png,5
Walk_14_22_12.png,5
Walk_14_22_13.png,5
Walk_14_22_14.png,5
Walk_14_22_15.png,5
Walk_14_22_16.png,5
Walk_14_22_17.png,5
Walk_14_22_18.png,5
Walk_14_22_19.png,5
Walk_14_22_20.png,5
Walk_14_22_21.png,5
Walk_14_22_22.png,5
Walk_14_22_23.png,5
Walk_14_22_24.png,5
Walk_14_22_25.png,5
Walk_14_22_26.png,5
Walk_14_21_0.png,5
Walk_14_21_1.png,5
Walk_14_21_2.png,5
Walk_14_21_3.png,5
Walk_14_21_4.png,5
Walk_14_21_5.png,5
Walk_14_21_6.png,5
Walk_14_21_7.png,5
Walk_14_21_8.png,5
Walk_14_21_9.png,5
Walk_14_21_10.png,5
Walk_14_21_11.png,5
Walk_14_21_12.png,5
Walk_14_21_13.png,5
Walk_14_21_14.png,5
Walk_14_21_15.png,5
Walk_14_21_16.png,5
Walk_14_21_17.png,5
Walk_14_21_18.png,5
Walk_14_21_19.png,5
Walk_14_21_20.png,5
Walk_14_21_21.png,5
Walk_14_21_22.png,5
Walk_14_21_23.png,5
Walk_14_21_24.png,5
Walk_14_21_25.png,5
Walk_14_21_26.png,5
Walk_14_21_27.png,5
Walk_14_21_28.png,5
Walk_14_18_0.png,5
Walk_14_18_1.png,5
Walk_14_18_2.png,5
Walk_14_18_3.png,5
Walk_14_18_4.png,5
Walk_14_18_5.png,5
Walk_14_18_6.png,5
Walk_14_18_7.png,5
Walk_14_18_8.png,5
Walk_14_18_9.png,5
Walk_14_18_10.png,5
Walk_14_18_11.png,5
Walk_14_18_12.png,5
Walk_14_18_13.png,5
Walk_14_18_14.png,5
Walk_14_18_15.png,5
Walk_14_18_16.png,5
Walk_14_18_17.png,5
Walk_14_18_18.png,5
Walk_14_18_19.png,5
Walk_14_18_20.png,5
Walk_14_18_21.png,5
Walk_14_18_22.png,5
Walk_14_18_23.png,5
Walk_14_18_24.png,5
Walk_14_17_0.png,5
Walk_14_17_1.png,5
Walk_14_17_2.png,5
Walk_14_17_3.png,5
Walk_14_17_4.png,5
Walk_14_17_5.png,5
Walk_14_17_6.png,5
Walk_14_17_7.png,5
Walk_14_17_8.png,5
Walk_14_17_9.png,5
Walk_14_17_10.png,5
Walk_14_17_11.png,5
Walk_14_17_12.png,5
Walk_14_17_13.png,5
Walk_14_17_14.png,5
Walk_14_17_15.png,5
Walk_14_17_16.png,5
Walk_14_17_17.png,5
Walk_14_17_18.png,5
Walk_14_17_19.png,5
Walk_14_17_20.png,5
Walk_14_17_21.png,5
Walk_14_17_22.png,5
Walk_14_17_23.png,5
Walk_14_17_24.png,5
Walk_14_17_25.png,5
Walk_14_17_26.png,5
Walk_14_16_0.png,5
Walk_14_16_1.png,5
Walk_14_16_2.png,5
Walk_14_16_3.png,5
Walk_14_16_4.png,5
Walk_14_16_5.png,5
Walk_14_16_6.png,5
Walk_14_16_7.png,5
Walk_14_16_8.png,5
Walk_14_16_9.png,5
Walk_14_16_10.png,5
Walk_14_16_11.png,5
Walk_14_16_12.png,5
Walk_14_16_13.png,5
Walk_14_16_14.png,5
Walk_14_16_15.png,5
Walk_14_16_16.png,5
Walk_14_16_17.png,5
Walk_14_16_18.png,5
Walk_14_16_19.png,5
Walk_14_16_20.png,5
Walk_14_16_21.png,5
Walk_14_16_22.png,5
Walk_14_16_23.png,5
Walk_14_16_24.png,5
Walk_14_16_25.png,5
Walk_14_16_26.png,5
Walk_14_10_0.png,5
Walk_14_10_1.png,5
Walk_14_10_2.png,5
Walk_14_10_3.png,5
Walk_14_10_4.png,5
Walk_14_10_5.png,5
Walk_14_10_6.png,5
Walk_14_10_7.png,5
Walk_14_10_8.png,5
Walk_14_10_9.png,5
Walk_14_10_10.png,5
Walk_14_10_11.png,5
Walk_14_10_12.png,5
Walk_14_10_13.png,5
Walk_14_10_14.png,5
Walk_14_10_15.png,5
Walk_14_10_16.png,5
Walk_14_10_17.png,5
Walk_14_10_18.png,5
Walk_14_10_19.png,5
Walk_14_10_20.png,5
Walk_14_10_21.png,5
Walk_14_10_22.png,5
Walk_14_10_23.png,5
Walk_14_10_24.png,5
Walk_14_10_25.png,5
Walk_14_10_26.png,5
Walk_14_2_0.png,5
Walk_14_2_1.png,5
Walk_14_2_2.png,5
Walk_14_2_3.png,5
Walk_14_2_4.png,5
Walk_14_2_5.png,5
Walk_14_2_6.png,5
Walk_14_2_7.png,5
Walk_14_2_8.png,5
Walk_14_2_9.png,5
Walk_14_2_10.png,5
Walk_14_2_11.png,5
Walk_14_2_12.png,5
Walk_14_2_13.png,5
Walk_14_2_14.png,5
Walk_14_2_15.png,5
Walk_14_2_16.png,5
Walk_14_2_17.png,5
Walk_14_2_18.png,5
Walk_14_2_19.png,5
Walk_14_2_20.png,5
Walk_14_2_21.png,5
Walk_14_2_22.png,5
Walk_14_2_23.png,5
Walk_14_2_24.png,5
Walk_14_2_25.png,5
Walk_14_2_26.png,5
Walk_14_2_27.png,5
Walk_14_1_0.png,5
Walk_14_1_1.png,5
Walk_14_1_2.png,5
Walk_14_1_3.png,5
Walk_14_1_4.png,5
Walk_14_1_5.png,5
Walk_14_1_6.png,5
Walk_14_1_7.png,5
Walk_14_1_8.png,5
Walk_14_1_9.png,5
Walk_14_1_10.png,5
Walk_14_1_11.png,5
Walk_14_1_12.png,5
Walk_14_1_13.png,5
Walk_14_1_14.png,5
Walk_14_1_15.png,5
Walk_14_1_16.png,5
Walk_14_1_17.png,5
Walk_14_1_18.png,5
Walk_14_1_19.png,5
Walk_14_1_20.png,5
Walk_14_1_21.png,5
Walk_14_1_22.png,5
Walk_14_1_23.png,5
Walk_14_1_24.png,5
Walk_14_1_25.png,5
Walk_14_1_26.png,5
Walk_14_1_27.png,5
Walk_14_1_28.png,5
Walk_14_1_29.png,5